Supplier,Product Line
Apex Plastics,Pet Supplies & Accessories
Atlas Packaging,Consumer Electronics Accessories
Bluewave Outdoor,Home & Kitchen Products
BrightHome Manufacturing,Sports & Outdoor Equipment
Cedar Baby Goods,Baby & Toddler Products
Eastern Carton,Personal Care & Beauty
EverMold,Office Supplies
GoldRiver Packaging,Automotive Parts & Accessories
Greenfield Tools,Garden & Outdoor Tools
Harbor Homeware,Lighting & Electrical
LumenBattery,Packaging Materials
Meridian Supply,Cable & Wiring Components
Nanshan Cable,Plastic Molded Components
Northstar Lighting,Metal Fabrication
Nova Pet Products,Textile & Fabric Products
Orchid Beauty,Bath & Sanitary Products
Pearl PCB,Pet Food & Nutrition
Prime Auto Parts,Home Décor
PureBath,Outdoor Recreation
RiverWorks Metal,PCB & Electronic Boards
Shoreline Silicone,Silicone Products
SunPeak Cable,Battery & Power Solutions
Vector Office,Furniture Hardware
Willow Textile,Industrial Tooling
