week_iso,slug,brand,value,partial_data
2025-05-18,airfryer,cosori,0,0
2025-05-25,airfryer,cosori,0,0
2025-06-01,airfryer,cosori,0,0
2025-06-08,airfryer,cosori,0,0
2025-06-15,airfryer,cosori,0,0
2025-06-22,airfryer,cosori,0,0
2025-06-29,airfryer,cosori,0,0
2025-07-06,airfryer,cosori,0,0
2025-07-13,airfryer,cosori,0,0
2025-07-20,airfryer,cosori,0,0
2025-07-27,airfryer,cosori,0,0
2025-08-03,airfryer,cosori,4,0
2025-08-10,airfryer,cosori,4,0
2025-08-17,airfryer,cosori,0,0
2025-08-24,airfryer,cosori,0,0
2025-08-31,airfryer,cosori,0,0
2025-09-07,airfryer,cosori,0,0
2025-09-14,airfryer,cosori,0,0
2025-09-21,airfryer,cosori,0,0
2025-09-28,airfryer,cosori,2,0
2025-10-05,airfryer,cosori,0,0
2025-10-12,airfryer,cosori,0,0
2025-10-19,airfryer,cosori,4,0
2025-10-26,airfryer,cosori,3,0
2025-11-02,airfryer,cosori,0,0
2025-11-09,airfryer,cosori,0,0
2025-11-16,airfryer,cosori,0,0
2025-11-23,airfryer,cosori,0,0
2025-11-30,airfryer,cosori,2,0
2025-12-07,airfryer,cosori,0,0
2025-12-14,airfryer,cosori,2,0
2025-12-21,airfryer,cosori,3,0
2025-12-28,airfryer,cosori,0,0
2026-01-04,airfryer,cosori,0,0
2026-01-11,airfryer,cosori,0,0
2026-01-18,airfryer,cosori,0,0
2026-01-25,airfryer,cosori,0,0
2026-02-01,airfryer,cosori,0,0
2026-02-08,airfryer,cosori,0,0
2026-02-15,airfryer,cosori,0,0
2026-02-22,airfryer,cosori,0,0
2026-03-01,airfryer,cosori,0,0
2026-03-08,airfryer,cosori,0,0
2026-03-15,airfryer,cosori,0,0
2026-03-22,airfryer,cosori,4,0
2026-03-29,airfryer,cosori,13,0
2026-04-05,airfryer,cosori,18,0
2026-04-12,airfryer,cosori,16,0
2026-04-19,airfryer,cosori,11,0
2026-04-26,airfryer,cosori,8,0
2026-05-03,airfryer,cosori,6,0
2026-05-10,airfryer,cosori,10,0
2026-05-17,airfryer,cosori,13,1
2025-05-18,airfryer,dash air fryer,0,0
2025-05-25,airfryer,dash air fryer,0,0
2025-06-01,airfryer,dash air fryer,0,0
2025-06-08,airfryer,dash air fryer,0,0
2025-06-15,airfryer,dash air fryer,0,0
2025-06-22,airfryer,dash air fryer,0,0
2025-06-29,airfryer,dash air fryer,0,0
2025-07-06,airfryer,dash air fryer,0,0
2025-07-13,airfryer,dash air fryer,0,0
2025-07-20,airfryer,dash air fryer,0,0
2025-07-27,airfryer,dash air fryer,0,0
2025-08-03,airfryer,dash air fryer,0,0
2025-08-10,airfryer,dash air fryer,0,0
2025-08-17,airfryer,dash air fryer,0,0
2025-08-24,airfryer,dash air fryer,0,0
2025-08-31,airfryer,dash air fryer,0,0
2025-09-07,airfryer,dash air fryer,0,0
2025-09-14,airfryer,dash air fryer,0,0
2025-09-21,airfryer,dash air fryer,0,0
2025-09-28,airfryer,dash air fryer,0,0
2025-10-05,airfryer,dash air fryer,0,0
2025-10-12,airfryer,dash air fryer,0,0
2025-10-19,airfryer,dash air fryer,0,0
2025-10-26,airfryer,dash air fryer,0,0
2025-11-02,airfryer,dash air fryer,0,0
2025-11-09,airfryer,dash air fryer,0,0
2025-11-16,airfryer,dash air fryer,0,0
2025-11-23,airfryer,dash air fryer,0,0
2025-11-30,airfryer,dash air fryer,0,0
2025-12-07,airfryer,dash air fryer,0,0
2025-12-14,airfryer,dash air fryer,0,0
2025-12-21,airfryer,dash air fryer,0,0
2025-12-28,airfryer,dash air fryer,0,0
2026-01-04,airfryer,dash air fryer,0,0
2026-01-11,airfryer,dash air fryer,0,0
2026-01-18,airfryer,dash air fryer,0,0
2026-01-25,airfryer,dash air fryer,0,0
2026-02-01,airfryer,dash air fryer,0,0
2026-02-08,airfryer,dash air fryer,0,0
2026-02-15,airfryer,dash air fryer,0,0
2026-02-22,airfryer,dash air fryer,0,0
2026-03-01,airfryer,dash air fryer,0,0
2026-03-08,airfryer,dash air fryer,0,0
2026-03-15,airfryer,dash air fryer,0,0
2026-03-22,airfryer,dash air fryer,0,0
2026-03-29,airfryer,dash air fryer,2,0
2026-04-05,airfryer,dash air fryer,5,0
2026-04-12,airfryer,dash air fryer,6,0
2026-04-19,airfryer,dash air fryer,5,0
2026-04-26,airfryer,dash air fryer,3,0
2026-05-03,airfryer,dash air fryer,1,0
2026-05-10,airfryer,dash air fryer,4,0
2026-05-17,airfryer,dash air fryer,3,1
2025-05-18,airfryer,gourmia,0,0
2025-05-25,airfryer,gourmia,0,0
2025-06-01,airfryer,gourmia,0,0
2025-06-08,airfryer,gourmia,0,0
2025-06-15,airfryer,gourmia,0,0
2025-06-22,airfryer,gourmia,0,0
2025-06-29,airfryer,gourmia,0,0
2025-07-06,airfryer,gourmia,0,0
2025-07-13,airfryer,gourmia,0,0
2025-07-20,airfryer,gourmia,0,0
2025-07-27,airfryer,gourmia,0,0
2025-08-03,airfryer,gourmia,2,0
2025-08-10,airfryer,gourmia,0,0
2025-08-17,airfryer,gourmia,0,0
2025-08-24,airfryer,gourmia,0,0
2025-08-31,airfryer,gourmia,0,0
2025-09-07,airfryer,gourmia,0,0
2025-09-14,airfryer,gourmia,5,0
2025-09-21,airfryer,gourmia,0,0
2025-09-28,airfryer,gourmia,0,0
2025-10-05,airfryer,gourmia,0,0
2025-10-12,airfryer,gourmia,0,0
2025-10-19,airfryer,gourmia,3,0
2025-10-26,airfryer,gourmia,0,0
2025-11-02,airfryer,gourmia,3,0
2025-11-09,airfryer,gourmia,0,0
2025-11-16,airfryer,gourmia,4,0
2025-11-23,airfryer,gourmia,4,0
2025-11-30,airfryer,gourmia,4,0
2025-12-07,airfryer,gourmia,3,0
2025-12-14,airfryer,gourmia,3,0
2025-12-21,airfryer,gourmia,4,0
2025-12-28,airfryer,gourmia,2,0
2026-01-04,airfryer,gourmia,0,0
2026-01-11,airfryer,gourmia,0,0
2026-01-18,airfryer,gourmia,3,0
2026-01-25,airfryer,gourmia,3,0
2026-02-01,airfryer,gourmia,0,0
2026-02-08,airfryer,gourmia,0,0
2026-02-15,airfryer,gourmia,2,0
2026-02-22,airfryer,gourmia,0,0
2026-03-01,airfryer,gourmia,0,0
2026-03-08,airfryer,gourmia,3,0
2026-03-15,airfryer,gourmia,3,0
2026-03-22,airfryer,gourmia,4,0
2026-03-29,airfryer,gourmia,6,0
2026-04-05,airfryer,gourmia,9,0
2026-04-12,airfryer,gourmia,10,0
2026-04-19,airfryer,gourmia,8,0
2026-04-26,airfryer,gourmia,6,0
2026-05-03,airfryer,gourmia,3,0
2026-05-10,airfryer,gourmia,6,0
2026-05-17,airfryer,gourmia,6,1
2025-05-18,airfryer,instant vortex,0,0
2025-05-25,airfryer,instant vortex,0,0
2025-06-01,airfryer,instant vortex,0,0
2025-06-08,airfryer,instant vortex,0,0
2025-06-15,airfryer,instant vortex,0,0
2025-06-22,airfryer,instant vortex,0,0
2025-06-29,airfryer,instant vortex,0,0
2025-07-06,airfryer,instant vortex,0,0
2025-07-13,airfryer,instant vortex,0,0
2025-07-20,airfryer,instant vortex,0,0
2025-07-27,airfryer,instant vortex,0,0
2025-08-03,airfryer,instant vortex,0,0
2025-08-10,airfryer,instant vortex,0,0
2025-08-17,airfryer,instant vortex,0,0
2025-08-24,airfryer,instant vortex,0,0
2025-08-31,airfryer,instant vortex,0,0
2025-09-07,airfryer,instant vortex,0,0
2025-09-14,airfryer,instant vortex,0,0
2025-09-21,airfryer,instant vortex,0,0
2025-09-28,airfryer,instant vortex,0,0
2025-10-05,airfryer,instant vortex,0,0
2025-10-12,airfryer,instant vortex,0,0
2025-10-19,airfryer,instant vortex,0,0
2025-10-26,airfryer,instant vortex,0,0
2025-11-02,airfryer,instant vortex,0,0
2025-11-09,airfryer,instant vortex,0,0
2025-11-16,airfryer,instant vortex,0,0
2025-11-23,airfryer,instant vortex,0,0
2025-11-30,airfryer,instant vortex,0,0
2025-12-07,airfryer,instant vortex,0,0
2025-12-14,airfryer,instant vortex,0,0
2025-12-21,airfryer,instant vortex,0,0
2025-12-28,airfryer,instant vortex,0,0
2026-01-04,airfryer,instant vortex,0,0
2026-01-11,airfryer,instant vortex,0,0
2026-01-18,airfryer,instant vortex,0,0
2026-01-25,airfryer,instant vortex,0,0
2026-02-01,airfryer,instant vortex,0,0
2026-02-08,airfryer,instant vortex,0,0
2026-02-15,airfryer,instant vortex,0,0
2026-02-22,airfryer,instant vortex,0,0
2026-03-01,airfryer,instant vortex,0,0
2026-03-08,airfryer,instant vortex,0,0
2026-03-15,airfryer,instant vortex,0,0
2026-03-22,airfryer,instant vortex,2,0
2026-03-29,airfryer,instant vortex,6,0
2026-04-05,airfryer,instant vortex,8,0
2026-04-12,airfryer,instant vortex,8,0
2026-04-19,airfryer,instant vortex,6,0
2026-04-26,airfryer,instant vortex,5,0
2026-05-03,airfryer,instant vortex,5,0
2026-05-10,airfryer,instant vortex,6,0
2026-05-17,airfryer,instant vortex,8,1
2025-05-18,airfryer,ninja air fryer,0,0
2025-05-25,airfryer,ninja air fryer,6,0
2025-06-01,airfryer,ninja air fryer,4,0
2025-06-08,airfryer,ninja air fryer,4,0
2025-06-15,airfryer,ninja air fryer,0,0
2025-06-22,airfryer,ninja air fryer,4,0
2025-06-29,airfryer,ninja air fryer,5,0
2025-07-06,airfryer,ninja air fryer,6,0
2025-07-13,airfryer,ninja air fryer,6,0
2025-07-20,airfryer,ninja air fryer,6,0
2025-07-27,airfryer,ninja air fryer,4,0
2025-08-03,airfryer,ninja air fryer,12,0
2025-08-10,airfryer,ninja air fryer,9,0
2025-08-17,airfryer,ninja air fryer,0,0
2025-08-24,airfryer,ninja air fryer,4,0
2025-08-31,airfryer,ninja air fryer,5,0
2025-09-07,airfryer,ninja air fryer,5,0
2025-09-14,airfryer,ninja air fryer,5,0
2025-09-21,airfryer,ninja air fryer,3,0
2025-09-28,airfryer,ninja air fryer,3,0
2025-10-05,airfryer,ninja air fryer,3,0
2025-10-12,airfryer,ninja air fryer,2,0
2025-10-19,airfryer,ninja air fryer,5,0
2025-10-26,airfryer,ninja air fryer,5,0
2025-11-02,airfryer,ninja air fryer,6,0
2025-11-09,airfryer,ninja air fryer,6,0
2025-11-16,airfryer,ninja air fryer,6,0
2025-11-23,airfryer,ninja air fryer,9,0
2025-11-30,airfryer,ninja air fryer,9,0
2025-12-07,airfryer,ninja air fryer,9,0
2025-12-14,airfryer,ninja air fryer,6,0
2025-12-21,airfryer,ninja air fryer,5,0
2025-12-28,airfryer,ninja air fryer,7,0
2026-01-04,airfryer,ninja air fryer,7,0
2026-01-11,airfryer,ninja air fryer,9,0
2026-01-18,airfryer,ninja air fryer,4,0
2026-01-25,airfryer,ninja air fryer,7,0
2026-02-01,airfryer,ninja air fryer,6,0
2026-02-08,airfryer,ninja air fryer,10,0
2026-02-15,airfryer,ninja air fryer,6,0
2026-02-22,airfryer,ninja air fryer,7,0
2026-03-01,airfryer,ninja air fryer,6,0
2026-03-08,airfryer,ninja air fryer,4,0
2026-03-15,airfryer,ninja air fryer,13,0
2026-03-22,airfryer,ninja air fryer,43,0
2026-03-29,airfryer,ninja air fryer,73,0
2026-04-05,airfryer,ninja air fryer,84,0
2026-04-12,airfryer,ninja air fryer,97,0
2026-04-19,airfryer,ninja air fryer,85,0
2026-04-26,airfryer,ninja air fryer,79,0
2026-05-03,airfryer,ninja air fryer,93,0
2026-05-10,airfryer,ninja air fryer,100,0
2026-05-17,airfryer,ninja air fryer,66,1
2025-05-18,coffee,breville,1,0
2025-05-25,coffee,breville,1,0
2025-06-01,coffee,breville,1,0
2025-06-08,coffee,breville,1,0
2025-06-15,coffee,breville,1,0
2025-06-22,coffee,breville,1,0
2025-06-29,coffee,breville,1,0
2025-07-06,coffee,breville,2,0
2025-07-13,coffee,breville,1,0
2025-07-20,coffee,breville,1,0
2025-07-27,coffee,breville,1,0
2025-08-03,coffee,breville,1,0
2025-08-10,coffee,breville,2,0
2025-08-17,coffee,breville,1,0
2025-08-24,coffee,breville,1,0
2025-08-31,coffee,breville,1,0
2025-09-07,coffee,breville,1,0
2025-09-14,coffee,breville,1,0
2025-09-21,coffee,breville,1,0
2025-09-28,coffee,breville,1,0
2025-10-05,coffee,breville,1,0
2025-10-12,coffee,breville,1,0
2025-10-19,coffee,breville,1,0
2025-10-26,coffee,breville,1,0
2025-11-02,coffee,breville,1,0
2025-11-09,coffee,breville,1,0
2025-11-16,coffee,breville,2,0
2025-11-23,coffee,breville,2,0
2025-11-30,coffee,breville,2,0
2025-12-07,coffee,breville,1,0
2025-12-14,coffee,breville,2,0
2025-12-21,coffee,breville,1,0
2025-12-28,coffee,breville,2,0
2026-01-04,coffee,breville,1,0
2026-01-11,coffee,breville,1,0
2026-01-18,coffee,breville,1,0
2026-01-25,coffee,breville,1,0
2026-02-01,coffee,breville,1,0
2026-02-08,coffee,breville,2,0
2026-02-15,coffee,breville,2,0
2026-02-22,coffee,breville,1,0
2026-03-01,coffee,breville,2,0
2026-03-08,coffee,breville,1,0
2026-03-15,coffee,breville,8,0
2026-03-22,coffee,breville,34,0
2026-03-29,coffee,breville,67,0
2026-04-05,coffee,breville,78,0
2026-04-12,coffee,breville,79,0
2026-04-19,coffee,breville,77,0
2026-04-26,coffee,breville,77,0
2026-05-03,coffee,breville,82,0
2026-05-10,coffee,breville,100,0
2026-05-17,coffee,breville,75,1
2025-05-18,coffee,cuisinart coffee,0,0
2025-05-25,coffee,cuisinart coffee,0,0
2025-06-01,coffee,cuisinart coffee,0,0
2025-06-08,coffee,cuisinart coffee,0,0
2025-06-15,coffee,cuisinart coffee,0,0
2025-06-22,coffee,cuisinart coffee,0,0
2025-06-29,coffee,cuisinart coffee,0,0
2025-07-06,coffee,cuisinart coffee,0,0
2025-07-13,coffee,cuisinart coffee,0,0
2025-07-20,coffee,cuisinart coffee,0,0
2025-07-27,coffee,cuisinart coffee,0,0
2025-08-03,coffee,cuisinart coffee,0,0
2025-08-10,coffee,cuisinart coffee,0,0
2025-08-17,coffee,cuisinart coffee,0,0
2025-08-24,coffee,cuisinart coffee,0,0
2025-08-31,coffee,cuisinart coffee,0,0
2025-09-07,coffee,cuisinart coffee,0,0
2025-09-14,coffee,cuisinart coffee,0,0
2025-09-21,coffee,cuisinart coffee,0,0
2025-09-28,coffee,cuisinart coffee,0,0
2025-10-05,coffee,cuisinart coffee,0,0
2025-10-12,coffee,cuisinart coffee,0,0
2025-10-19,coffee,cuisinart coffee,0,0
2025-10-26,coffee,cuisinart coffee,0,0
2025-11-02,coffee,cuisinart coffee,0,0
2025-11-09,coffee,cuisinart coffee,0,0
2025-11-16,coffee,cuisinart coffee,0,0
2025-11-23,coffee,cuisinart coffee,0,0
2025-11-30,coffee,cuisinart coffee,0,0
2025-12-07,coffee,cuisinart coffee,0,0
2025-12-14,coffee,cuisinart coffee,0,0
2025-12-21,coffee,cuisinart coffee,0,0
2025-12-28,coffee,cuisinart coffee,0,0
2026-01-04,coffee,cuisinart coffee,0,0
2026-01-11,coffee,cuisinart coffee,0,0
2026-01-18,coffee,cuisinart coffee,0,0
2026-01-25,coffee,cuisinart coffee,0,0
2026-02-01,coffee,cuisinart coffee,0,0
2026-02-08,coffee,cuisinart coffee,0,0
2026-02-15,coffee,cuisinart coffee,0,0
2026-02-22,coffee,cuisinart coffee,0,0
2026-03-01,coffee,cuisinart coffee,0,0
2026-03-08,coffee,cuisinart coffee,0,0
2026-03-15,coffee,cuisinart coffee,1,0
2026-03-22,coffee,cuisinart coffee,2,0
2026-03-29,coffee,cuisinart coffee,4,0
2026-04-05,coffee,cuisinart coffee,4,0
2026-04-12,coffee,cuisinart coffee,5,0
2026-04-19,coffee,cuisinart coffee,5,0
2026-04-26,coffee,cuisinart coffee,5,0
2026-05-03,coffee,cuisinart coffee,6,0
2026-05-10,coffee,cuisinart coffee,6,0
2026-05-17,coffee,cuisinart coffee,5,1
2025-05-18,coffee,keurig,1,0
2025-05-25,coffee,keurig,1,0
2025-06-01,coffee,keurig,1,0
2025-06-08,coffee,keurig,1,0
2025-06-15,coffee,keurig,1,0
2025-06-22,coffee,keurig,1,0
2025-06-29,coffee,keurig,1,0
2025-07-06,coffee,keurig,1,0
2025-07-13,coffee,keurig,1,0
2025-07-20,coffee,keurig,2,0
2025-07-27,coffee,keurig,1,0
2025-08-03,coffee,keurig,2,0
2025-08-10,coffee,keurig,2,0
2025-08-17,coffee,keurig,2,0
2025-08-24,coffee,keurig,1,0
2025-08-31,coffee,keurig,1,0
2025-09-07,coffee,keurig,1,0
2025-09-14,coffee,keurig,2,0
2025-09-21,coffee,keurig,1,0
2025-09-28,coffee,keurig,1,0
2025-10-05,coffee,keurig,1,0
2025-10-12,coffee,keurig,1,0
2025-10-19,coffee,keurig,2,0
2025-10-26,coffee,keurig,1,0
2025-11-02,coffee,keurig,2,0
2025-11-09,coffee,keurig,2,0
2025-11-16,coffee,keurig,2,0
2025-11-23,coffee,keurig,2,0
2025-11-30,coffee,keurig,2,0
2025-12-07,coffee,keurig,2,0
2025-12-14,coffee,keurig,2,0
2025-12-21,coffee,keurig,2,0
2025-12-28,coffee,keurig,2,0
2026-01-04,coffee,keurig,2,0
2026-01-11,coffee,keurig,1,0
2026-01-18,coffee,keurig,1,0
2026-01-25,coffee,keurig,1,0
2026-02-01,coffee,keurig,2,0
2026-02-08,coffee,keurig,2,0
2026-02-15,coffee,keurig,2,0
2026-02-22,coffee,keurig,1,0
2026-03-01,coffee,keurig,2,0
2026-03-08,coffee,keurig,1,0
2026-03-15,coffee,keurig,1,0
2026-03-22,coffee,keurig,1,0
2026-03-29,coffee,keurig,4,0
2026-04-05,coffee,keurig,4,0
2026-04-12,coffee,keurig,5,0
2026-04-19,coffee,keurig,4,0
2026-04-26,coffee,keurig,3,0
2026-05-03,coffee,keurig,2,0
2026-05-10,coffee,keurig,4,0
2026-05-17,coffee,keurig,3,1
2025-05-18,coffee,nespresso,1,0
2025-05-25,coffee,nespresso,1,0
2025-06-01,coffee,nespresso,1,0
2025-06-08,coffee,nespresso,1,0
2025-06-15,coffee,nespresso,1,0
2025-06-22,coffee,nespresso,1,0
2025-06-29,coffee,nespresso,1,0
2025-07-06,coffee,nespresso,2,0
2025-07-13,coffee,nespresso,1,0
2025-07-20,coffee,nespresso,2,0
2025-07-27,coffee,nespresso,2,0
2025-08-03,coffee,nespresso,2,0
2025-08-10,coffee,nespresso,3,0
2025-08-17,coffee,nespresso,1,0
2025-08-24,coffee,nespresso,1,0
2025-08-31,coffee,nespresso,1,0
2025-09-07,coffee,nespresso,1,0
2025-09-14,coffee,nespresso,1,0
2025-09-21,coffee,nespresso,2,0
2025-09-28,coffee,nespresso,1,0
2025-10-05,coffee,nespresso,1,0
2025-10-12,coffee,nespresso,1,0
2025-10-19,coffee,nespresso,2,0
2025-10-26,coffee,nespresso,1,0
2025-11-02,coffee,nespresso,2,0
2025-11-09,coffee,nespresso,1,0
2025-11-16,coffee,nespresso,2,0
2025-11-23,coffee,nespresso,2,0
2025-11-30,coffee,nespresso,2,0
2025-12-07,coffee,nespresso,2,0
2025-12-14,coffee,nespresso,2,0
2025-12-21,coffee,nespresso,1,0
2025-12-28,coffee,nespresso,2,0
2026-01-04,coffee,nespresso,1,0
2026-01-11,coffee,nespresso,1,0
2026-01-18,coffee,nespresso,1,0
2026-01-25,coffee,nespresso,2,0
2026-02-01,coffee,nespresso,1,0
2026-02-08,coffee,nespresso,1,0
2026-02-15,coffee,nespresso,1,0
2026-02-22,coffee,nespresso,1,0
2026-03-01,coffee,nespresso,1,0
2026-03-08,coffee,nespresso,1,0
2026-03-15,coffee,nespresso,1,0
2026-03-22,coffee,nespresso,2,0
2026-03-29,coffee,nespresso,6,0
2026-04-05,coffee,nespresso,8,0
2026-04-12,coffee,nespresso,9,0
2026-04-19,coffee,nespresso,7,0
2026-04-26,coffee,nespresso,5,0
2026-05-03,coffee,nespresso,4,0
2026-05-10,coffee,nespresso,8,0
2026-05-17,coffee,nespresso,8,1
2025-05-18,coffee,ninja coffee,0,0
2025-05-25,coffee,ninja coffee,0,0
2025-06-01,coffee,ninja coffee,0,0
2025-06-08,coffee,ninja coffee,0,0
2025-06-15,coffee,ninja coffee,0,0
2025-06-22,coffee,ninja coffee,0,0
2025-06-29,coffee,ninja coffee,0,0
2025-07-06,coffee,ninja coffee,0,0
2025-07-13,coffee,ninja coffee,0,0
2025-07-20,coffee,ninja coffee,0,0
2025-07-27,coffee,ninja coffee,0,0
2025-08-03,coffee,ninja coffee,0,0
2025-08-10,coffee,ninja coffee,0,0
2025-08-17,coffee,ninja coffee,0,0
2025-08-24,coffee,ninja coffee,0,0
2025-08-31,coffee,ninja coffee,0,0
2025-09-07,coffee,ninja coffee,0,0
2025-09-14,coffee,ninja coffee,0,0
2025-09-21,coffee,ninja coffee,0,0
2025-09-28,coffee,ninja coffee,0,0
2025-10-05,coffee,ninja coffee,0,0
2025-10-12,coffee,ninja coffee,0,0
2025-10-19,coffee,ninja coffee,0,0
2025-10-26,coffee,ninja coffee,0,0
2025-11-02,coffee,ninja coffee,0,0
2025-11-09,coffee,ninja coffee,0,0
2025-11-16,coffee,ninja coffee,0,0
2025-11-23,coffee,ninja coffee,1,0
2025-11-30,coffee,ninja coffee,0,0
2025-12-07,coffee,ninja coffee,0,0
2025-12-14,coffee,ninja coffee,0,0
2025-12-21,coffee,ninja coffee,0,0
2025-12-28,coffee,ninja coffee,0,0
2026-01-04,coffee,ninja coffee,0,0
2026-01-11,coffee,ninja coffee,0,0
2026-01-18,coffee,ninja coffee,0,0
2026-01-25,coffee,ninja coffee,0,0
2026-02-01,coffee,ninja coffee,0,0
2026-02-08,coffee,ninja coffee,0,0
2026-02-15,coffee,ninja coffee,0,0
2026-02-22,coffee,ninja coffee,0,0
2026-03-01,coffee,ninja coffee,0,0
2026-03-08,coffee,ninja coffee,0,0
2026-03-15,coffee,ninja coffee,1,0
2026-03-22,coffee,ninja coffee,4,0
2026-03-29,coffee,ninja coffee,7,0
2026-04-05,coffee,ninja coffee,8,0
2026-04-12,coffee,ninja coffee,10,0
2026-04-19,coffee,ninja coffee,9,0
2026-04-26,coffee,ninja coffee,8,0
2026-05-03,coffee,ninja coffee,10,0
2026-05-10,coffee,ninja coffee,12,0
2026-05-17,coffee,ninja coffee,9,1
2025-05-18,drill,bosch,81,0
2025-05-25,drill,bosch,47,0
2025-06-01,drill,bosch,53,0
2025-06-08,drill,bosch,55,0
2025-06-15,drill,bosch,55,0
2025-06-22,drill,bosch,56,0
2025-06-29,drill,bosch,35,0
2025-07-06,drill,bosch,12,0
2025-07-13,drill,bosch,10,0
2025-07-20,drill,bosch,11,0
2025-07-27,drill,bosch,9,0
2025-08-03,drill,bosch,31,0
2025-08-10,drill,bosch,31,0
2025-08-17,drill,bosch,11,0
2025-08-24,drill,bosch,9,0
2025-08-31,drill,bosch,11,0
2025-09-07,drill,bosch,11,0
2025-09-14,drill,bosch,11,0
2025-09-21,drill,bosch,24,0
2025-09-28,drill,bosch,33,0
2025-10-05,drill,bosch,17,0
2025-10-12,drill,bosch,15,0
2025-10-19,drill,bosch,24,0
2025-10-26,drill,bosch,22,0
2025-11-02,drill,bosch,21,0
2025-11-09,drill,bosch,19,0
2025-11-16,drill,bosch,19,0
2025-11-23,drill,bosch,11,0
2025-11-30,drill,bosch,12,0
2025-12-07,drill,bosch,9,0
2025-12-14,drill,bosch,9,0
2025-12-21,drill,bosch,9,0
2025-12-28,drill,bosch,10,0
2026-01-04,drill,bosch,10,0
2026-01-11,drill,bosch,10,0
2026-01-18,drill,bosch,9,0
2026-01-25,drill,bosch,9,0
2026-02-01,drill,bosch,12,0
2026-02-08,drill,bosch,9,0
2026-02-15,drill,bosch,11,0
2026-02-22,drill,bosch,10,0
2026-03-01,drill,bosch,10,0
2026-03-08,drill,bosch,9,0
2026-03-15,drill,bosch,13,0
2026-03-22,drill,bosch,20,0
2026-03-29,drill,bosch,66,0
2026-04-05,drill,bosch,85,0
2026-04-12,drill,bosch,95,0
2026-04-19,drill,bosch,67,0
2026-04-26,drill,bosch,46,0
2026-05-03,drill,bosch,33,0
2026-05-10,drill,bosch,67,0
2026-05-17,drill,bosch,87,1
2025-05-18,drill,dewalt,29,0
2025-05-25,drill,dewalt,27,0
2025-06-01,drill,dewalt,26,0
2025-06-08,drill,dewalt,28,0
2025-06-15,drill,dewalt,30,0
2025-06-22,drill,dewalt,25,0
2025-06-29,drill,dewalt,26,0
2025-07-06,drill,dewalt,22,0
2025-07-13,drill,dewalt,22,0
2025-07-20,drill,dewalt,24,0
2025-07-27,drill,dewalt,24,0
2025-08-03,drill,dewalt,26,0
2025-08-10,drill,dewalt,25,0
2025-08-17,drill,dewalt,25,0
2025-08-24,drill,dewalt,25,0
2025-08-31,drill,dewalt,23,0
2025-09-07,drill,dewalt,24,0
2025-09-14,drill,dewalt,23,0
2025-09-21,drill,dewalt,24,0
2025-09-28,drill,dewalt,22,0
2025-10-05,drill,dewalt,19,0
2025-10-12,drill,dewalt,21,0
2025-10-19,drill,dewalt,21,0
2025-10-26,drill,dewalt,20,0
2025-11-02,drill,dewalt,20,0
2025-11-09,drill,dewalt,21,0
2025-11-16,drill,dewalt,23,0
2025-11-23,drill,dewalt,26,0
2025-11-30,drill,dewalt,24,0
2025-12-07,drill,dewalt,22,0
2025-12-14,drill,dewalt,21,0
2025-12-21,drill,dewalt,21,0
2025-12-28,drill,dewalt,19,0
2026-01-04,drill,dewalt,20,0
2026-01-11,drill,dewalt,19,0
2026-01-18,drill,dewalt,20,0
2026-01-25,drill,dewalt,23,0
2026-02-01,drill,dewalt,20,0
2026-02-08,drill,dewalt,22,0
2026-02-15,drill,dewalt,23,0
2026-02-22,drill,dewalt,21,0
2026-03-01,drill,dewalt,23,0
2026-03-08,drill,dewalt,25,0
2026-03-15,drill,dewalt,26,0
2026-03-22,drill,dewalt,33,0
2026-03-29,drill,dewalt,74,0
2026-04-05,drill,dewalt,96,0
2026-04-12,drill,dewalt,87,0
2026-04-19,drill,dewalt,74,0
2026-04-26,drill,dewalt,58,0
2026-05-03,drill,dewalt,48,0
2026-05-10,drill,dewalt,73,0
2026-05-17,drill,dewalt,83,1
2025-05-18,drill,makita,14,0
2025-05-25,drill,makita,9,0
2025-06-01,drill,makita,9,0
2025-06-08,drill,makita,12,0
2025-06-15,drill,makita,12,0
2025-06-22,drill,makita,9,0
2025-06-29,drill,makita,9,0
2025-07-06,drill,makita,7,0
2025-07-13,drill,makita,5,0
2025-07-20,drill,makita,6,0
2025-07-27,drill,makita,5,0
2025-08-03,drill,makita,10,0
2025-08-10,drill,makita,10,0
2025-08-17,drill,makita,6,0
2025-08-24,drill,makita,6,0
2025-08-31,drill,makita,5,0
2025-09-07,drill,makita,6,0
2025-09-14,drill,makita,7,0
2025-09-21,drill,makita,7,0
2025-09-28,drill,makita,5,0
2025-10-05,drill,makita,4,0
2025-10-12,drill,makita,3,0
2025-10-19,drill,makita,6,0
2025-10-26,drill,makita,5,0
2025-11-02,drill,makita,4,0
2025-11-09,drill,makita,4,0
2025-11-16,drill,makita,5,0
2025-11-23,drill,makita,4,0
2025-11-30,drill,makita,5,0
2025-12-07,drill,makita,5,0
2025-12-14,drill,makita,4,0
2025-12-21,drill,makita,4,0
2025-12-28,drill,makita,4,0
2026-01-04,drill,makita,4,0
2026-01-11,drill,makita,4,0
2026-01-18,drill,makita,4,0
2026-01-25,drill,makita,6,0
2026-02-01,drill,makita,5,0
2026-02-08,drill,makita,5,0
2026-02-15,drill,makita,5,0
2026-02-22,drill,makita,6,0
2026-03-01,drill,makita,6,0
2026-03-08,drill,makita,6,0
2026-03-15,drill,makita,6,0
2026-03-22,drill,makita,8,0
2026-03-29,drill,makita,16,0
2026-04-05,drill,makita,23,0
2026-04-12,drill,makita,21,0
2026-04-19,drill,makita,18,0
2026-04-26,drill,makita,15,0
2026-05-03,drill,makita,10,0
2026-05-10,drill,makita,17,0
2026-05-17,drill,makita,22,1
2025-05-18,drill,milwaukee,31,0
2025-05-25,drill,milwaukee,31,0
2025-06-01,drill,milwaukee,30,0
2025-06-08,drill,milwaukee,33,0
2025-06-15,drill,milwaukee,35,0
2025-06-22,drill,milwaukee,35,0
2025-06-29,drill,milwaukee,32,0
2025-07-06,drill,milwaukee,33,0
2025-07-13,drill,milwaukee,30,0
2025-07-20,drill,milwaukee,32,0
2025-07-27,drill,milwaukee,33,0
2025-08-03,drill,milwaukee,33,0
2025-08-10,drill,milwaukee,33,0
2025-08-17,drill,milwaukee,33,0
2025-08-24,drill,milwaukee,30,0
2025-08-31,drill,milwaukee,33,0
2025-09-07,drill,milwaukee,34,0
2025-09-14,drill,milwaukee,35,0
2025-09-21,drill,milwaukee,32,0
2025-09-28,drill,milwaukee,28,0
2025-10-05,drill,milwaukee,29,0
2025-10-12,drill,milwaukee,38,0
2025-10-19,drill,milwaukee,29,0
2025-10-26,drill,milwaukee,28,0
2025-11-02,drill,milwaukee,31,0
2025-11-09,drill,milwaukee,33,0
2025-11-16,drill,milwaukee,31,0
2025-11-23,drill,milwaukee,37,0
2025-11-30,drill,milwaukee,35,0
2025-12-07,drill,milwaukee,32,0
2025-12-14,drill,milwaukee,32,0
2025-12-21,drill,milwaukee,29,0
2025-12-28,drill,milwaukee,25,0
2026-01-04,drill,milwaukee,30,0
2026-01-11,drill,milwaukee,28,0
2026-01-18,drill,milwaukee,30,0
2026-01-25,drill,milwaukee,30,0
2026-02-01,drill,milwaukee,27,0
2026-02-08,drill,milwaukee,33,0
2026-02-15,drill,milwaukee,31,0
2026-02-22,drill,milwaukee,31,0
2026-03-01,drill,milwaukee,29,0
2026-03-08,drill,milwaukee,30,0
2026-03-15,drill,milwaukee,33,0
2026-03-22,drill,milwaukee,39,0
2026-03-29,drill,milwaukee,77,0
2026-04-05,drill,milwaukee,99,0
2026-04-12,drill,milwaukee,100,0
2026-04-19,drill,milwaukee,83,0
2026-04-26,drill,milwaukee,62,0
2026-05-03,drill,milwaukee,48,0
2026-05-10,drill,milwaukee,81,0
2026-05-17,drill,milwaukee,94,1
2025-05-18,drill,ryobi,14,0
2025-05-25,drill,ryobi,16,0
2025-06-01,drill,ryobi,14,0
2025-06-08,drill,ryobi,14,0
2025-06-15,drill,ryobi,17,0
2025-06-22,drill,ryobi,13,0
2025-06-29,drill,ryobi,15,0
2025-07-06,drill,ryobi,13,0
2025-07-13,drill,ryobi,15,0
2025-07-20,drill,ryobi,13,0
2025-07-27,drill,ryobi,14,0
2025-08-03,drill,ryobi,15,0
2025-08-10,drill,ryobi,13,0
2025-08-17,drill,ryobi,14,0
2025-08-24,drill,ryobi,12,0
2025-08-31,drill,ryobi,13,0
2025-09-07,drill,ryobi,12,0
2025-09-14,drill,ryobi,13,0
2025-09-21,drill,ryobi,13,0
2025-09-28,drill,ryobi,10,0
2025-10-05,drill,ryobi,7,0
2025-10-12,drill,ryobi,9,0
2025-10-19,drill,ryobi,9,0
2025-10-26,drill,ryobi,9,0
2025-11-02,drill,ryobi,8,0
2025-11-09,drill,ryobi,10,0
2025-11-16,drill,ryobi,10,0
2025-11-23,drill,ryobi,10,0
2025-11-30,drill,ryobi,9,0
2025-12-07,drill,ryobi,8,0
2025-12-14,drill,ryobi,8,0
2025-12-21,drill,ryobi,8,0
2025-12-28,drill,ryobi,7,0
2026-01-04,drill,ryobi,7,0
2026-01-11,drill,ryobi,8,0
2026-01-18,drill,ryobi,11,0
2026-01-25,drill,ryobi,11,0
2026-02-01,drill,ryobi,8,0
2026-02-08,drill,ryobi,10,0
2026-02-15,drill,ryobi,9,0
2026-02-22,drill,ryobi,9,0
2026-03-01,drill,ryobi,10,0
2026-03-08,drill,ryobi,12,0
2026-03-15,drill,ryobi,13,0
2026-03-22,drill,ryobi,18,0
2026-03-29,drill,ryobi,36,0
2026-04-05,drill,ryobi,50,0
2026-04-12,drill,ryobi,52,0
2026-04-19,drill,ryobi,42,0
2026-04-26,drill,ryobi,29,0
2026-05-03,drill,ryobi,25,0
2026-05-10,drill,ryobi,40,0
2026-05-17,drill,ryobi,47,1
2025-05-18,earbuds,beats studio buds,0,0
2025-05-25,earbuds,beats studio buds,0,0
2025-06-01,earbuds,beats studio buds,0,0
2025-06-08,earbuds,beats studio buds,0,0
2025-06-15,earbuds,beats studio buds,0,0
2025-06-22,earbuds,beats studio buds,0,0
2025-06-29,earbuds,beats studio buds,0,0
2025-07-06,earbuds,beats studio buds,0,0
2025-07-13,earbuds,beats studio buds,0,0
2025-07-20,earbuds,beats studio buds,0,0
2025-07-27,earbuds,beats studio buds,0,0
2025-08-03,earbuds,beats studio buds,0,0
2025-08-10,earbuds,beats studio buds,0,0
2025-08-17,earbuds,beats studio buds,0,0
2025-08-24,earbuds,beats studio buds,0,0
2025-08-31,earbuds,beats studio buds,0,0
2025-09-07,earbuds,beats studio buds,0,0
2025-09-14,earbuds,beats studio buds,0,0
2025-09-21,earbuds,beats studio buds,0,0
2025-09-28,earbuds,beats studio buds,0,0
2025-10-05,earbuds,beats studio buds,0,0
2025-10-12,earbuds,beats studio buds,0,0
2025-10-19,earbuds,beats studio buds,0,0
2025-10-26,earbuds,beats studio buds,0,0
2025-11-02,earbuds,beats studio buds,0,0
2025-11-09,earbuds,beats studio buds,0,0
2025-11-16,earbuds,beats studio buds,0,0
2025-11-23,earbuds,beats studio buds,0,0
2025-11-30,earbuds,beats studio buds,0,0
2025-12-07,earbuds,beats studio buds,0,0
2025-12-14,earbuds,beats studio buds,0,0
2025-12-21,earbuds,beats studio buds,8,0
2025-12-28,earbuds,beats studio buds,0,0
2026-01-04,earbuds,beats studio buds,0,0
2026-01-11,earbuds,beats studio buds,0,0
2026-01-18,earbuds,beats studio buds,0,0
2026-01-25,earbuds,beats studio buds,0,0
2026-02-01,earbuds,beats studio buds,0,0
2026-02-08,earbuds,beats studio buds,0,0
2026-02-15,earbuds,beats studio buds,0,0
2026-02-22,earbuds,beats studio buds,0,0
2026-03-01,earbuds,beats studio buds,0,0
2026-03-08,earbuds,beats studio buds,0,0
2026-03-15,earbuds,beats studio buds,0,0
2026-03-22,earbuds,beats studio buds,7,0
2026-03-29,earbuds,beats studio buds,19,0
2026-04-05,earbuds,beats studio buds,32,0
2026-04-12,earbuds,beats studio buds,31,0
2026-04-19,earbuds,beats studio buds,15,0
2026-04-26,earbuds,beats studio buds,10,0
2026-05-03,earbuds,beats studio buds,10,0
2026-05-10,earbuds,beats studio buds,14,0
2026-05-17,earbuds,beats studio buds,17,1
2025-05-18,earbuds,bose quietcomfort earbuds,0,0
2025-05-25,earbuds,bose quietcomfort earbuds,0,0
2025-06-01,earbuds,bose quietcomfort earbuds,0,0
2025-06-08,earbuds,bose quietcomfort earbuds,0,0
2025-06-15,earbuds,bose quietcomfort earbuds,0,0
2025-06-22,earbuds,bose quietcomfort earbuds,0,0
2025-06-29,earbuds,bose quietcomfort earbuds,0,0
2025-07-06,earbuds,bose quietcomfort earbuds,0,0
2025-07-13,earbuds,bose quietcomfort earbuds,0,0
2025-07-20,earbuds,bose quietcomfort earbuds,0,0
2025-07-27,earbuds,bose quietcomfort earbuds,0,0
2025-08-03,earbuds,bose quietcomfort earbuds,13,0
2025-08-10,earbuds,bose quietcomfort earbuds,17,0
2025-08-17,earbuds,bose quietcomfort earbuds,0,0
2025-08-24,earbuds,bose quietcomfort earbuds,0,0
2025-08-31,earbuds,bose quietcomfort earbuds,0,0
2025-09-07,earbuds,bose quietcomfort earbuds,0,0
2025-09-14,earbuds,bose quietcomfort earbuds,0,0
2025-09-21,earbuds,bose quietcomfort earbuds,0,0
2025-09-28,earbuds,bose quietcomfort earbuds,0,0
2025-10-05,earbuds,bose quietcomfort earbuds,0,0
2025-10-12,earbuds,bose quietcomfort earbuds,0,0
2025-10-19,earbuds,bose quietcomfort earbuds,0,0
2025-10-26,earbuds,bose quietcomfort earbuds,0,0
2025-11-02,earbuds,bose quietcomfort earbuds,0,0
2025-11-09,earbuds,bose quietcomfort earbuds,0,0
2025-11-16,earbuds,bose quietcomfort earbuds,0,0
2025-11-23,earbuds,bose quietcomfort earbuds,0,0
2025-11-30,earbuds,bose quietcomfort earbuds,0,0
2025-12-07,earbuds,bose quietcomfort earbuds,9,0
2025-12-14,earbuds,bose quietcomfort earbuds,0,0
2025-12-21,earbuds,bose quietcomfort earbuds,0,0
2025-12-28,earbuds,bose quietcomfort earbuds,0,0
2026-01-04,earbuds,bose quietcomfort earbuds,0,0
2026-01-11,earbuds,bose quietcomfort earbuds,0,0
2026-01-18,earbuds,bose quietcomfort earbuds,0,0
2026-01-25,earbuds,bose quietcomfort earbuds,0,0
2026-02-01,earbuds,bose quietcomfort earbuds,0,0
2026-02-08,earbuds,bose quietcomfort earbuds,0,0
2026-02-15,earbuds,bose quietcomfort earbuds,0,0
2026-02-22,earbuds,bose quietcomfort earbuds,7,0
2026-03-01,earbuds,bose quietcomfort earbuds,0,0
2026-03-08,earbuds,bose quietcomfort earbuds,0,0
2026-03-15,earbuds,bose quietcomfort earbuds,0,0
2026-03-22,earbuds,bose quietcomfort earbuds,20,0
2026-03-29,earbuds,bose quietcomfort earbuds,63,0
2026-04-05,earbuds,bose quietcomfort earbuds,83,0
2026-04-12,earbuds,bose quietcomfort earbuds,100,0
2026-04-19,earbuds,bose quietcomfort earbuds,76,0
2026-04-26,earbuds,bose quietcomfort earbuds,57,0
2026-05-03,earbuds,bose quietcomfort earbuds,45,0
2026-05-10,earbuds,bose quietcomfort earbuds,57,0
2026-05-17,earbuds,bose quietcomfort earbuds,74,1
2025-05-18,earbuds,jabra elite,0,0
2025-05-25,earbuds,jabra elite,0,0
2025-06-01,earbuds,jabra elite,0,0
2025-06-08,earbuds,jabra elite,0,0
2025-06-15,earbuds,jabra elite,0,0
2025-06-22,earbuds,jabra elite,0,0
2025-06-29,earbuds,jabra elite,0,0
2025-07-06,earbuds,jabra elite,0,0
2025-07-13,earbuds,jabra elite,0,0
2025-07-20,earbuds,jabra elite,0,0
2025-07-27,earbuds,jabra elite,0,0
2025-08-03,earbuds,jabra elite,0,0
2025-08-10,earbuds,jabra elite,13,0
2025-08-17,earbuds,jabra elite,0,0
2025-08-24,earbuds,jabra elite,0,0
2025-08-31,earbuds,jabra elite,11,0
2025-09-07,earbuds,jabra elite,0,0
2025-09-14,earbuds,jabra elite,0,0
2025-09-21,earbuds,jabra elite,0,0
2025-09-28,earbuds,jabra elite,0,0
2025-10-05,earbuds,jabra elite,0,0
2025-10-12,earbuds,jabra elite,0,0
2025-10-19,earbuds,jabra elite,0,0
2025-10-26,earbuds,jabra elite,0,0
2025-11-02,earbuds,jabra elite,0,0
2025-11-09,earbuds,jabra elite,0,0
2025-11-16,earbuds,jabra elite,0,0
2025-11-23,earbuds,jabra elite,0,0
2025-11-30,earbuds,jabra elite,0,0
2025-12-07,earbuds,jabra elite,0,0
2025-12-14,earbuds,jabra elite,0,0
2025-12-21,earbuds,jabra elite,0,0
2025-12-28,earbuds,jabra elite,0,0
2026-01-04,earbuds,jabra elite,0,0
2026-01-11,earbuds,jabra elite,0,0
2026-01-18,earbuds,jabra elite,0,0
2026-01-25,earbuds,jabra elite,0,0
2026-02-01,earbuds,jabra elite,0,0
2026-02-08,earbuds,jabra elite,0,0
2026-02-15,earbuds,jabra elite,0,0
2026-02-22,earbuds,jabra elite,0,0
2026-03-01,earbuds,jabra elite,0,0
2026-03-08,earbuds,jabra elite,0,0
2026-03-15,earbuds,jabra elite,0,0
2026-03-22,earbuds,jabra elite,0,0
2026-03-29,earbuds,jabra elite,32,0
2026-04-05,earbuds,jabra elite,43,0
2026-04-12,earbuds,jabra elite,32,0
2026-04-19,earbuds,jabra elite,21,0
2026-04-26,earbuds,jabra elite,16,0
2026-05-03,earbuds,jabra elite,13,0
2026-05-10,earbuds,jabra elite,21,0
2026-05-17,earbuds,jabra elite,30,1
2025-05-18,earbuds,jbl live,0,0
2025-05-25,earbuds,jbl live,0,0
2025-06-01,earbuds,jbl live,0,0
2025-06-08,earbuds,jbl live,0,0
2025-06-15,earbuds,jbl live,0,0
2025-06-22,earbuds,jbl live,0,0
2025-06-29,earbuds,jbl live,0,0
2025-07-06,earbuds,jbl live,0,0
2025-07-13,earbuds,jbl live,0,0
2025-07-20,earbuds,jbl live,0,0
2025-07-27,earbuds,jbl live,0,0
2025-08-03,earbuds,jbl live,0,0
2025-08-10,earbuds,jbl live,10,0
2025-08-17,earbuds,jbl live,0,0
2025-08-24,earbuds,jbl live,0,0
2025-08-31,earbuds,jbl live,0,0
2025-09-07,earbuds,jbl live,0,0
2025-09-14,earbuds,jbl live,0,0
2025-09-21,earbuds,jbl live,0,0
2025-09-28,earbuds,jbl live,0,0
2025-10-05,earbuds,jbl live,0,0
2025-10-12,earbuds,jbl live,0,0
2025-10-19,earbuds,jbl live,0,0
2025-10-26,earbuds,jbl live,0,0
2025-11-02,earbuds,jbl live,0,0
2025-11-09,earbuds,jbl live,0,0
2025-11-16,earbuds,jbl live,0,0
2025-11-23,earbuds,jbl live,0,0
2025-11-30,earbuds,jbl live,8,0
2025-12-07,earbuds,jbl live,0,0
2025-12-14,earbuds,jbl live,0,0
2025-12-21,earbuds,jbl live,0,0
2025-12-28,earbuds,jbl live,0,0
2026-01-04,earbuds,jbl live,0,0
2026-01-11,earbuds,jbl live,0,0
2026-01-18,earbuds,jbl live,0,0
2026-01-25,earbuds,jbl live,0,0
2026-02-01,earbuds,jbl live,0,0
2026-02-08,earbuds,jbl live,0,0
2026-02-15,earbuds,jbl live,0,0
2026-02-22,earbuds,jbl live,0,0
2026-03-01,earbuds,jbl live,0,0
2026-03-08,earbuds,jbl live,0,0
2026-03-15,earbuds,jbl live,0,0
2026-03-22,earbuds,jbl live,7,0
2026-03-29,earbuds,jbl live,27,0
2026-04-05,earbuds,jbl live,41,0
2026-04-12,earbuds,jbl live,49,0
2026-04-19,earbuds,jbl live,43,0
2026-04-26,earbuds,jbl live,30,0
2026-05-03,earbuds,jbl live,22,0
2026-05-10,earbuds,jbl live,39,0
2026-05-17,earbuds,jbl live,44,1
2025-05-18,earbuds,sony wf-1000xm5,0,0
2025-05-25,earbuds,sony wf-1000xm5,0,0
2025-06-01,earbuds,sony wf-1000xm5,0,0
2025-06-08,earbuds,sony wf-1000xm5,0,0
2025-06-15,earbuds,sony wf-1000xm5,0,0
2025-06-22,earbuds,sony wf-1000xm5,0,0
2025-06-29,earbuds,sony wf-1000xm5,0,0
2025-07-06,earbuds,sony wf-1000xm5,0,0
2025-07-13,earbuds,sony wf-1000xm5,0,0
2025-07-20,earbuds,sony wf-1000xm5,0,0
2025-07-27,earbuds,sony wf-1000xm5,0,0
2025-08-03,earbuds,sony wf-1000xm5,14,0
2025-08-10,earbuds,sony wf-1000xm5,12,0
2025-08-17,earbuds,sony wf-1000xm5,0,0
2025-08-24,earbuds,sony wf-1000xm5,0,0
2025-08-31,earbuds,sony wf-1000xm5,0,0
2025-09-07,earbuds,sony wf-1000xm5,0,0
2025-09-14,earbuds,sony wf-1000xm5,0,0
2025-09-21,earbuds,sony wf-1000xm5,0,0
2025-09-28,earbuds,sony wf-1000xm5,0,0
2025-10-05,earbuds,sony wf-1000xm5,0,0
2025-10-12,earbuds,sony wf-1000xm5,0,0
2025-10-19,earbuds,sony wf-1000xm5,0,0
2025-10-26,earbuds,sony wf-1000xm5,0,0
2025-11-02,earbuds,sony wf-1000xm5,0,0
2025-11-09,earbuds,sony wf-1000xm5,0,0
2025-11-16,earbuds,sony wf-1000xm5,0,0
2025-11-23,earbuds,sony wf-1000xm5,0,0
2025-11-30,earbuds,sony wf-1000xm5,0,0
2025-12-07,earbuds,sony wf-1000xm5,0,0
2025-12-14,earbuds,sony wf-1000xm5,0,0
2025-12-21,earbuds,sony wf-1000xm5,0,0
2025-12-28,earbuds,sony wf-1000xm5,0,0
2026-01-04,earbuds,sony wf-1000xm5,0,0
2026-01-11,earbuds,sony wf-1000xm5,0,0
2026-01-18,earbuds,sony wf-1000xm5,0,0
2026-01-25,earbuds,sony wf-1000xm5,0,0
2026-02-01,earbuds,sony wf-1000xm5,0,0
2026-02-08,earbuds,sony wf-1000xm5,0,0
2026-02-15,earbuds,sony wf-1000xm5,0,0
2026-02-22,earbuds,sony wf-1000xm5,0,0
2026-03-01,earbuds,sony wf-1000xm5,0,0
2026-03-08,earbuds,sony wf-1000xm5,0,0
2026-03-15,earbuds,sony wf-1000xm5,0,0
2026-03-22,earbuds,sony wf-1000xm5,0,0
2026-03-29,earbuds,sony wf-1000xm5,41,0
2026-04-05,earbuds,sony wf-1000xm5,66,0
2026-04-12,earbuds,sony wf-1000xm5,82,0
2026-04-19,earbuds,sony wf-1000xm5,57,0
2026-04-26,earbuds,sony wf-1000xm5,36,0
2026-05-03,earbuds,sony wf-1000xm5,16,0
2026-05-10,earbuds,sony wf-1000xm5,39,0
2026-05-17,earbuds,sony wf-1000xm5,54,1
2025-05-18,headset,astro a40,0,0
2025-05-25,headset,astro a40,0,0
2025-06-01,headset,astro a40,0,0
2025-06-08,headset,astro a40,0,0
2025-06-15,headset,astro a40,0,0
2025-06-22,headset,astro a40,0,0
2025-06-29,headset,astro a40,0,0
2025-07-06,headset,astro a40,0,0
2025-07-13,headset,astro a40,0,0
2025-07-20,headset,astro a40,0,0
2025-07-27,headset,astro a40,0,0
2025-08-03,headset,astro a40,0,0
2025-08-10,headset,astro a40,0,0
2025-08-17,headset,astro a40,0,0
2025-08-24,headset,astro a40,0,0
2025-08-31,headset,astro a40,0,0
2025-09-07,headset,astro a40,0,0
2025-09-14,headset,astro a40,0,0
2025-09-21,headset,astro a40,0,0
2025-09-28,headset,astro a40,0,0
2025-10-05,headset,astro a40,0,0
2025-10-12,headset,astro a40,0,0
2025-10-19,headset,astro a40,0,0
2025-10-26,headset,astro a40,0,0
2025-11-02,headset,astro a40,0,0
2025-11-09,headset,astro a40,0,0
2025-11-16,headset,astro a40,0,0
2025-11-23,headset,astro a40,0,0
2025-11-30,headset,astro a40,0,0
2025-12-07,headset,astro a40,0,0
2025-12-14,headset,astro a40,0,0
2025-12-21,headset,astro a40,0,0
2025-12-28,headset,astro a40,0,0
2026-01-04,headset,astro a40,0,0
2026-01-11,headset,astro a40,0,0
2026-01-18,headset,astro a40,0,0
2026-01-25,headset,astro a40,0,0
2026-02-01,headset,astro a40,0,0
2026-02-08,headset,astro a40,9,0
2026-02-15,headset,astro a40,0,0
2026-02-22,headset,astro a40,0,0
2026-03-01,headset,astro a40,0,0
2026-03-08,headset,astro a40,0,0
2026-03-15,headset,astro a40,0,0
2026-03-22,headset,astro a40,0,0
2026-03-29,headset,astro a40,0,0
2026-04-05,headset,astro a40,6,0
2026-04-12,headset,astro a40,4,0
2026-04-19,headset,astro a40,5,0
2026-04-26,headset,astro a40,0,0
2026-05-03,headset,astro a40,1,0
2026-05-10,headset,astro a40,3,0
2026-05-17,headset,astro a40,3,1
2025-05-18,headset,hyperx cloud,0,0
2025-05-25,headset,hyperx cloud,0,0
2025-06-01,headset,hyperx cloud,0,0
2025-06-08,headset,hyperx cloud,0,0
2025-06-15,headset,hyperx cloud,0,0
2025-06-22,headset,hyperx cloud,0,0
2025-06-29,headset,hyperx cloud,0,0
2025-07-06,headset,hyperx cloud,0,0
2025-07-13,headset,hyperx cloud,0,0
2025-07-20,headset,hyperx cloud,0,0
2025-07-27,headset,hyperx cloud,10,0
2025-08-03,headset,hyperx cloud,22,0
2025-08-10,headset,hyperx cloud,22,0
2025-08-17,headset,hyperx cloud,0,0
2025-08-24,headset,hyperx cloud,0,0
2025-08-31,headset,hyperx cloud,0,0
2025-09-07,headset,hyperx cloud,0,0
2025-09-14,headset,hyperx cloud,0,0
2025-09-21,headset,hyperx cloud,0,0
2025-09-28,headset,hyperx cloud,0,0
2025-10-05,headset,hyperx cloud,0,0
2025-10-12,headset,hyperx cloud,0,0
2025-10-19,headset,hyperx cloud,0,0
2025-10-26,headset,hyperx cloud,0,0
2025-11-02,headset,hyperx cloud,0,0
2025-11-09,headset,hyperx cloud,0,0
2025-11-16,headset,hyperx cloud,0,0
2025-11-23,headset,hyperx cloud,12,0
2025-11-30,headset,hyperx cloud,10,0
2025-12-07,headset,hyperx cloud,10,0
2025-12-14,headset,hyperx cloud,0,0
2025-12-21,headset,hyperx cloud,0,0
2025-12-28,headset,hyperx cloud,0,0
2026-01-04,headset,hyperx cloud,0,0
2026-01-11,headset,hyperx cloud,0,0
2026-01-18,headset,hyperx cloud,0,0
2026-01-25,headset,hyperx cloud,0,0
2026-02-01,headset,hyperx cloud,0,0
2026-02-08,headset,hyperx cloud,0,0
2026-02-15,headset,hyperx cloud,0,0
2026-02-22,headset,hyperx cloud,8,0
2026-03-01,headset,hyperx cloud,0,0
2026-03-08,headset,hyperx cloud,0,0
2026-03-15,headset,hyperx cloud,7,0
2026-03-22,headset,hyperx cloud,13,0
2026-03-29,headset,hyperx cloud,52,0
2026-04-05,headset,hyperx cloud,72,0
2026-04-12,headset,hyperx cloud,77,0
2026-04-19,headset,hyperx cloud,53,0
2026-04-26,headset,hyperx cloud,35,0
2026-05-03,headset,hyperx cloud,21,0
2026-05-10,headset,hyperx cloud,45,0
2026-05-17,headset,hyperx cloud,56,1
2025-05-18,headset,logitech g,0,0
2025-05-25,headset,logitech g,10,0
2025-06-01,headset,logitech g,0,0
2025-06-08,headset,logitech g,0,0
2025-06-15,headset,logitech g,0,0
2025-06-22,headset,logitech g,0,0
2025-06-29,headset,logitech g,0,0
2025-07-06,headset,logitech g,0,0
2025-07-13,headset,logitech g,0,0
2025-07-20,headset,logitech g,0,0
2025-07-27,headset,logitech g,0,0
2025-08-03,headset,logitech g,39,0
2025-08-10,headset,logitech g,30,0
2025-08-17,headset,logitech g,0,0
2025-08-24,headset,logitech g,0,0
2025-08-31,headset,logitech g,12,0
2025-09-07,headset,logitech g,0,0
2025-09-14,headset,logitech g,10,0
2025-09-21,headset,logitech g,10,0
2025-09-28,headset,logitech g,10,0
2025-10-05,headset,logitech g,0,0
2025-10-12,headset,logitech g,7,0
2025-10-19,headset,logitech g,0,0
2025-10-26,headset,logitech g,0,0
2025-11-02,headset,logitech g,11,0
2025-11-09,headset,logitech g,0,0
2025-11-16,headset,logitech g,10,0
2025-11-23,headset,logitech g,13,0
2025-11-30,headset,logitech g,12,0
2025-12-07,headset,logitech g,10,0
2025-12-14,headset,logitech g,0,0
2025-12-21,headset,logitech g,9,0
2025-12-28,headset,logitech g,0,0
2026-01-04,headset,logitech g,0,0
2026-01-11,headset,logitech g,15,0
2026-01-18,headset,logitech g,0,0
2026-01-25,headset,logitech g,0,0
2026-02-01,headset,logitech g,0,0
2026-02-08,headset,logitech g,0,0
2026-02-15,headset,logitech g,11,0
2026-02-22,headset,logitech g,0,0
2026-03-01,headset,logitech g,13,0
2026-03-08,headset,logitech g,16,0
2026-03-15,headset,logitech g,10,0
2026-03-22,headset,logitech g,19,0
2026-03-29,headset,logitech g,73,0
2026-04-05,headset,logitech g,100,0
2026-04-12,headset,logitech g,100,0
2026-04-19,headset,logitech g,77,0
2026-04-26,headset,logitech g,60,0
2026-05-03,headset,logitech g,38,0
2026-05-10,headset,logitech g,70,0
2026-05-17,headset,logitech g,95,1
2025-05-18,headset,razer kraken,0,0
2025-05-25,headset,razer kraken,0,0
2025-06-01,headset,razer kraken,0,0
2025-06-08,headset,razer kraken,0,0
2025-06-15,headset,razer kraken,0,0
2025-06-22,headset,razer kraken,0,0
2025-06-29,headset,razer kraken,0,0
2025-07-06,headset,razer kraken,0,0
2025-07-13,headset,razer kraken,0,0
2025-07-20,headset,razer kraken,0,0
2025-07-27,headset,razer kraken,0,0
2025-08-03,headset,razer kraken,0,0
2025-08-10,headset,razer kraken,0,0
2025-08-17,headset,razer kraken,0,0
2025-08-24,headset,razer kraken,0,0
2025-08-31,headset,razer kraken,0,0
2025-09-07,headset,razer kraken,0,0
2025-09-14,headset,razer kraken,0,0
2025-09-21,headset,razer kraken,0,0
2025-09-28,headset,razer kraken,0,0
2025-10-05,headset,razer kraken,0,0
2025-10-12,headset,razer kraken,0,0
2025-10-19,headset,razer kraken,0,0
2025-10-26,headset,razer kraken,0,0
2025-11-02,headset,razer kraken,0,0
2025-11-09,headset,razer kraken,0,0
2025-11-16,headset,razer kraken,0,0
2025-11-23,headset,razer kraken,0,0
2025-11-30,headset,razer kraken,0,0
2025-12-07,headset,razer kraken,0,0
2025-12-14,headset,razer kraken,0,0
2025-12-21,headset,razer kraken,0,0
2025-12-28,headset,razer kraken,0,0
2026-01-04,headset,razer kraken,0,0
2026-01-11,headset,razer kraken,0,0
2026-01-18,headset,razer kraken,0,0
2026-01-25,headset,razer kraken,0,0
2026-02-01,headset,razer kraken,0,0
2026-02-08,headset,razer kraken,0,0
2026-02-15,headset,razer kraken,0,0
2026-02-22,headset,razer kraken,0,0
2026-03-01,headset,razer kraken,0,0
2026-03-08,headset,razer kraken,0,0
2026-03-15,headset,razer kraken,0,0
2026-03-22,headset,razer kraken,0,0
2026-03-29,headset,razer kraken,8,0
2026-04-05,headset,razer kraken,11,0
2026-04-12,headset,razer kraken,11,0
2026-04-19,headset,razer kraken,9,0
2026-04-26,headset,razer kraken,8,0
2026-05-03,headset,razer kraken,1,0
2026-05-10,headset,razer kraken,7,0
2026-05-17,headset,razer kraken,8,1
2025-05-18,headset,steelseries arctis,0,0
2025-05-25,headset,steelseries arctis,0,0
2025-06-01,headset,steelseries arctis,0,0
2025-06-08,headset,steelseries arctis,0,0
2025-06-15,headset,steelseries arctis,0,0
2025-06-22,headset,steelseries arctis,0,0
2025-06-29,headset,steelseries arctis,0,0
2025-07-06,headset,steelseries arctis,0,0
2025-07-13,headset,steelseries arctis,0,0
2025-07-20,headset,steelseries arctis,10,0
2025-07-27,headset,steelseries arctis,0,0
2025-08-03,headset,steelseries arctis,20,0
2025-08-10,headset,steelseries arctis,19,0
2025-08-17,headset,steelseries arctis,0,0
2025-08-24,headset,steelseries arctis,0,0
2025-08-31,headset,steelseries arctis,0,0
2025-09-07,headset,steelseries arctis,0,0
2025-09-14,headset,steelseries arctis,0,0
2025-09-21,headset,steelseries arctis,0,0
2025-09-28,headset,steelseries arctis,0,0
2025-10-05,headset,steelseries arctis,8,0
2025-10-12,headset,steelseries arctis,0,0
2025-10-19,headset,steelseries arctis,0,0
2025-10-26,headset,steelseries arctis,0,0
2025-11-02,headset,steelseries arctis,14,0
2025-11-09,headset,steelseries arctis,0,0
2025-11-16,headset,steelseries arctis,0,0
2025-11-23,headset,steelseries arctis,10,0
2025-11-30,headset,steelseries arctis,9,0
2025-12-07,headset,steelseries arctis,8,0
2025-12-14,headset,steelseries arctis,0,0
2025-12-21,headset,steelseries arctis,0,0
2025-12-28,headset,steelseries arctis,0,0
2026-01-04,headset,steelseries arctis,0,0
2026-01-11,headset,steelseries arctis,0,0
2026-01-18,headset,steelseries arctis,0,0
2026-01-25,headset,steelseries arctis,0,0
2026-02-01,headset,steelseries arctis,0,0
2026-02-08,headset,steelseries arctis,0,0
2026-02-15,headset,steelseries arctis,0,0
2026-02-22,headset,steelseries arctis,0,0
2026-03-01,headset,steelseries arctis,0,0
2026-03-08,headset,steelseries arctis,0,0
2026-03-15,headset,steelseries arctis,0,0
2026-03-22,headset,steelseries arctis,17,0
2026-03-29,headset,steelseries arctis,52,0
2026-04-05,headset,steelseries arctis,85,0
2026-04-12,headset,steelseries arctis,100,0
2026-04-19,headset,steelseries arctis,66,0
2026-04-26,headset,steelseries arctis,45,0
2026-05-03,headset,steelseries arctis,25,0
2026-05-10,headset,steelseries arctis,60,0
2026-05-17,headset,steelseries arctis,77,1
2025-05-18,mattress,casper,5,0
2025-05-25,mattress,casper,5,0
2025-06-01,mattress,casper,5,0
2025-06-08,mattress,casper,0,0
2025-06-15,mattress,casper,4,0
2025-06-22,mattress,casper,0,0
2025-06-29,mattress,casper,5,0
2025-07-06,mattress,casper,3,0
2025-07-13,mattress,casper,3,0
2025-07-20,mattress,casper,5,0
2025-07-27,mattress,casper,4,0
2025-08-03,mattress,casper,8,0
2025-08-10,mattress,casper,8,0
2025-08-17,mattress,casper,5,0
2025-08-24,mattress,casper,3,0
2025-08-31,mattress,casper,5,0
2025-09-07,mattress,casper,3,0
2025-09-14,mattress,casper,5,0
2025-09-21,mattress,casper,5,0
2025-09-28,mattress,casper,5,0
2025-10-05,mattress,casper,4,0
2025-10-12,mattress,casper,4,0
2025-10-19,mattress,casper,5,0
2025-10-26,mattress,casper,4,0
2025-11-02,mattress,casper,5,0
2025-11-09,mattress,casper,4,0
2025-11-16,mattress,casper,5,0
2025-11-23,mattress,casper,3,0
2025-11-30,mattress,casper,5,0
2025-12-07,mattress,casper,4,0
2025-12-14,mattress,casper,6,0
2025-12-21,mattress,casper,4,0
2025-12-28,mattress,casper,6,0
2026-01-04,mattress,casper,4,0
2026-01-11,mattress,casper,0,0
2026-01-18,mattress,casper,4,0
2026-01-25,mattress,casper,0,0
2026-02-01,mattress,casper,4,0
2026-02-08,mattress,casper,3,0
2026-02-15,mattress,casper,4,0
2026-02-22,mattress,casper,0,0
2026-03-01,mattress,casper,4,0
2026-03-08,mattress,casper,2,0
2026-03-15,mattress,casper,3,0
2026-03-22,mattress,casper,5,0
2026-03-29,mattress,casper,13,0
2026-04-05,mattress,casper,17,0
2026-04-12,mattress,casper,19,0
2026-04-19,mattress,casper,20,0
2026-04-26,mattress,casper,13,0
2026-05-03,mattress,casper,7,0
2026-05-10,mattress,casper,16,0
2026-05-17,mattress,casper,21,1
2025-05-18,mattress,leesa,0,0
2025-05-25,mattress,leesa,0,0
2025-06-01,mattress,leesa,0,0
2025-06-08,mattress,leesa,0,0
2025-06-15,mattress,leesa,0,0
2025-06-22,mattress,leesa,0,0
2025-06-29,mattress,leesa,0,0
2025-07-06,mattress,leesa,0,0
2025-07-13,mattress,leesa,0,0
2025-07-20,mattress,leesa,0,0
2025-07-27,mattress,leesa,0,0
2025-08-03,mattress,leesa,0,0
2025-08-10,mattress,leesa,0,0
2025-08-17,mattress,leesa,0,0
2025-08-24,mattress,leesa,0,0
2025-08-31,mattress,leesa,0,0
2025-09-07,mattress,leesa,0,0
2025-09-14,mattress,leesa,0,0
2025-09-21,mattress,leesa,0,0
2025-09-28,mattress,leesa,0,0
2025-10-05,mattress,leesa,0,0
2025-10-12,mattress,leesa,0,0
2025-10-19,mattress,leesa,0,0
2025-10-26,mattress,leesa,0,0
2025-11-02,mattress,leesa,0,0
2025-11-09,mattress,leesa,0,0
2025-11-16,mattress,leesa,0,0
2025-11-23,mattress,leesa,0,0
2025-11-30,mattress,leesa,0,0
2025-12-07,mattress,leesa,0,0
2025-12-14,mattress,leesa,0,0
2025-12-21,mattress,leesa,0,0
2025-12-28,mattress,leesa,0,0
2026-01-04,mattress,leesa,0,0
2026-01-11,mattress,leesa,0,0
2026-01-18,mattress,leesa,0,0
2026-01-25,mattress,leesa,0,0
2026-02-01,mattress,leesa,0,0
2026-02-08,mattress,leesa,0,0
2026-02-15,mattress,leesa,0,0
2026-02-22,mattress,leesa,0,0
2026-03-01,mattress,leesa,0,0
2026-03-08,mattress,leesa,0,0
2026-03-15,mattress,leesa,0,0
2026-03-22,mattress,leesa,0,0
2026-03-29,mattress,leesa,4,0
2026-04-05,mattress,leesa,5,0
2026-04-12,mattress,leesa,5,0
2026-04-19,mattress,leesa,4,0
2026-04-26,mattress,leesa,2,0
2026-05-03,mattress,leesa,1,0
2026-05-10,mattress,leesa,4,0
2026-05-17,mattress,leesa,7,1
2025-05-18,mattress,nectar mattress,0,0
2025-05-25,mattress,nectar mattress,0,0
2025-06-01,mattress,nectar mattress,0,0
2025-06-08,mattress,nectar mattress,0,0
2025-06-15,mattress,nectar mattress,0,0
2025-06-22,mattress,nectar mattress,0,0
2025-06-29,mattress,nectar mattress,0,0
2025-07-06,mattress,nectar mattress,0,0
2025-07-13,mattress,nectar mattress,0,0
2025-07-20,mattress,nectar mattress,0,0
2025-07-27,mattress,nectar mattress,0,0
2025-08-03,mattress,nectar mattress,4,0
2025-08-10,mattress,nectar mattress,3,0
2025-08-17,mattress,nectar mattress,0,0
2025-08-24,mattress,nectar mattress,0,0
2025-08-31,mattress,nectar mattress,3,0
2025-09-07,mattress,nectar mattress,0,0
2025-09-14,mattress,nectar mattress,0,0
2025-09-21,mattress,nectar mattress,0,0
2025-09-28,mattress,nectar mattress,0,0
2025-10-05,mattress,nectar mattress,0,0
2025-10-12,mattress,nectar mattress,0,0
2025-10-19,mattress,nectar mattress,0,0
2025-10-26,mattress,nectar mattress,0,0
2025-11-02,mattress,nectar mattress,0,0
2025-11-09,mattress,nectar mattress,0,0
2025-11-16,mattress,nectar mattress,2,0
2025-11-23,mattress,nectar mattress,0,0
2025-11-30,mattress,nectar mattress,2,0
2025-12-07,mattress,nectar mattress,0,0
2025-12-14,mattress,nectar mattress,0,0
2025-12-21,mattress,nectar mattress,0,0
2025-12-28,mattress,nectar mattress,3,0
2026-01-04,mattress,nectar mattress,0,0
2026-01-11,mattress,nectar mattress,0,0
2026-01-18,mattress,nectar mattress,0,0
2026-01-25,mattress,nectar mattress,0,0
2026-02-01,mattress,nectar mattress,0,0
2026-02-08,mattress,nectar mattress,0,0
2026-02-15,mattress,nectar mattress,2,0
2026-02-22,mattress,nectar mattress,0,0
2026-03-01,mattress,nectar mattress,0,0
2026-03-08,mattress,nectar mattress,0,0
2026-03-15,mattress,nectar mattress,2,0
2026-03-22,mattress,nectar mattress,4,0
2026-03-29,mattress,nectar mattress,25,0
2026-04-05,mattress,nectar mattress,35,0
2026-04-12,mattress,nectar mattress,36,0
2026-04-19,mattress,nectar mattress,21,0
2026-04-26,mattress,nectar mattress,18,0
2026-05-03,mattress,nectar mattress,9,0
2026-05-10,mattress,nectar mattress,17,0
2026-05-17,mattress,nectar mattress,23,1
2025-05-18,mattress,purple mattress,3,0
2025-05-25,mattress,purple mattress,0,0
2025-06-01,mattress,purple mattress,0,0
2025-06-08,mattress,purple mattress,0,0
2025-06-15,mattress,purple mattress,0,0
2025-06-22,mattress,purple mattress,3,0
2025-06-29,mattress,purple mattress,0,0
2025-07-06,mattress,purple mattress,0,0
2025-07-13,mattress,purple mattress,0,0
2025-07-20,mattress,purple mattress,0,0
2025-07-27,mattress,purple mattress,4,0
2025-08-03,mattress,purple mattress,3,0
2025-08-10,mattress,purple mattress,3,0
2025-08-17,mattress,purple mattress,5,0
2025-08-24,mattress,purple mattress,0,0
2025-08-31,mattress,purple mattress,3,0
2025-09-07,mattress,purple mattress,3,0
2025-09-14,mattress,purple mattress,4,0
2025-09-21,mattress,purple mattress,0,0
2025-09-28,mattress,purple mattress,0,0
2025-10-05,mattress,purple mattress,0,0
2025-10-12,mattress,purple mattress,3,0
2025-10-19,mattress,purple mattress,0,0
2025-10-26,mattress,purple mattress,0,0
2025-11-02,mattress,purple mattress,0,0
2025-11-09,mattress,purple mattress,0,0
2025-11-16,mattress,purple mattress,0,0
2025-11-23,mattress,purple mattress,0,0
2025-11-30,mattress,purple mattress,3,0
2025-12-07,mattress,purple mattress,0,0
2025-12-14,mattress,purple mattress,0,0
2025-12-21,mattress,purple mattress,0,0
2025-12-28,mattress,purple mattress,3,0
2026-01-04,mattress,purple mattress,3,0
2026-01-11,mattress,purple mattress,0,0
2026-01-18,mattress,purple mattress,5,0
2026-01-25,mattress,purple mattress,0,0
2026-02-01,mattress,purple mattress,0,0
2026-02-08,mattress,purple mattress,4,0
2026-02-15,mattress,purple mattress,6,0
2026-02-22,mattress,purple mattress,3,0
2026-03-01,mattress,purple mattress,4,0
2026-03-08,mattress,purple mattress,7,0
2026-03-15,mattress,purple mattress,9,0
2026-03-22,mattress,purple mattress,40,0
2026-03-29,mattress,purple mattress,64,0
2026-04-05,mattress,purple mattress,76,0
2026-04-12,mattress,purple mattress,86,0
2026-04-19,mattress,purple mattress,85,0
2026-04-26,mattress,purple mattress,81,0
2026-05-03,mattress,purple mattress,84,0
2026-05-10,mattress,purple mattress,100,0
2026-05-17,mattress,purple mattress,71,1
2025-05-18,mattress,saatva,0,0
2025-05-25,mattress,saatva,0,0
2025-06-01,mattress,saatva,0,0
2025-06-08,mattress,saatva,0,0
2025-06-15,mattress,saatva,0,0
2025-06-22,mattress,saatva,0,0
2025-06-29,mattress,saatva,0,0
2025-07-06,mattress,saatva,3,0
2025-07-13,mattress,saatva,0,0
2025-07-20,mattress,saatva,0,0
2025-07-27,mattress,saatva,0,0
2025-08-03,mattress,saatva,3,0
2025-08-10,mattress,saatva,3,0
2025-08-17,mattress,saatva,0,0
2025-08-24,mattress,saatva,0,0
2025-08-31,mattress,saatva,0,0
2025-09-07,mattress,saatva,0,0
2025-09-14,mattress,saatva,0,0
2025-09-21,mattress,saatva,0,0
2025-09-28,mattress,saatva,0,0
2025-10-05,mattress,saatva,0,0
2025-10-12,mattress,saatva,0,0
2025-10-19,mattress,saatva,0,0
2025-10-26,mattress,saatva,0,0
2025-11-02,mattress,saatva,0,0
2025-11-09,mattress,saatva,0,0
2025-11-16,mattress,saatva,4,0
2025-11-23,mattress,saatva,0,0
2025-11-30,mattress,saatva,0,0
2025-12-07,mattress,saatva,0,0
2025-12-14,mattress,saatva,0,0
2025-12-21,mattress,saatva,0,0
2025-12-28,mattress,saatva,0,0
2026-01-04,mattress,saatva,0,0
2026-01-11,mattress,saatva,0,0
2026-01-18,mattress,saatva,0,0
2026-01-25,mattress,saatva,0,0
2026-02-01,mattress,saatva,0,0
2026-02-08,mattress,saatva,0,0
2026-02-15,mattress,saatva,2,0
2026-02-22,mattress,saatva,0,0
2026-03-01,mattress,saatva,0,0
2026-03-08,mattress,saatva,0,0
2026-03-15,mattress,saatva,3,0
2026-03-22,mattress,saatva,5,0
2026-03-29,mattress,saatva,26,0
2026-04-05,mattress,saatva,33,0
2026-04-12,mattress,saatva,32,0
2026-04-19,mattress,saatva,29,0
2026-04-26,mattress,saatva,21,0
2026-05-03,mattress,saatva,15,0
2026-05-10,mattress,saatva,37,0
2026-05-17,mattress,saatva,50,1
2025-05-18,speaker,bose soundlink,0,0
2025-05-25,speaker,bose soundlink,0,0
2025-06-01,speaker,bose soundlink,0,0
2025-06-08,speaker,bose soundlink,0,0
2025-06-15,speaker,bose soundlink,0,0
2025-06-22,speaker,bose soundlink,0,0
2025-06-29,speaker,bose soundlink,0,0
2025-07-06,speaker,bose soundlink,20,0
2025-07-13,speaker,bose soundlink,0,0
2025-07-20,speaker,bose soundlink,0,0
2025-07-27,speaker,bose soundlink,0,0
2025-08-03,speaker,bose soundlink,31,0
2025-08-10,speaker,bose soundlink,23,0
2025-08-17,speaker,bose soundlink,19,0
2025-08-24,speaker,bose soundlink,0,0
2025-08-31,speaker,bose soundlink,0,0
2025-09-07,speaker,bose soundlink,23,0
2025-09-14,speaker,bose soundlink,0,0
2025-09-21,speaker,bose soundlink,18,0
2025-09-28,speaker,bose soundlink,0,0
2025-10-05,speaker,bose soundlink,0,0
2025-10-12,speaker,bose soundlink,0,0
2025-10-19,speaker,bose soundlink,0,0
2025-10-26,speaker,bose soundlink,0,0
2025-11-02,speaker,bose soundlink,0,0
2025-11-09,speaker,bose soundlink,0,0
2025-11-16,speaker,bose soundlink,0,0
2025-11-23,speaker,bose soundlink,0,0
2025-11-30,speaker,bose soundlink,16,0
2025-12-07,speaker,bose soundlink,25,0
2025-12-14,speaker,bose soundlink,0,0
2025-12-21,speaker,bose soundlink,0,0
2025-12-28,speaker,bose soundlink,0,0
2026-01-04,speaker,bose soundlink,0,0
2026-01-11,speaker,bose soundlink,0,0
2026-01-18,speaker,bose soundlink,0,0
2026-01-25,speaker,bose soundlink,0,0
2026-02-01,speaker,bose soundlink,0,0
2026-02-08,speaker,bose soundlink,0,0
2026-02-15,speaker,bose soundlink,0,0
2026-02-22,speaker,bose soundlink,0,0
2026-03-01,speaker,bose soundlink,0,0
2026-03-08,speaker,bose soundlink,0,0
2026-03-15,speaker,bose soundlink,0,0
2026-03-22,speaker,bose soundlink,19,0
2026-03-29,speaker,bose soundlink,51,0
2026-04-05,speaker,bose soundlink,96,0
2026-04-12,speaker,bose soundlink,100,0
2026-04-19,speaker,bose soundlink,86,0
2026-04-26,speaker,bose soundlink,64,0
2026-05-03,speaker,bose soundlink,40,0
2026-05-10,speaker,bose soundlink,74,0
2026-05-17,speaker,bose soundlink,91,1
2025-05-18,speaker,echo dot,0,0
2025-05-25,speaker,echo dot,0,0
2025-06-01,speaker,echo dot,0,0
2025-06-08,speaker,echo dot,0,0
2025-06-15,speaker,echo dot,0,0
2025-06-22,speaker,echo dot,0,0
2025-06-29,speaker,echo dot,0,0
2025-07-06,speaker,echo dot,0,0
2025-07-13,speaker,echo dot,21,0
2025-07-20,speaker,echo dot,0,0
2025-07-27,speaker,echo dot,0,0
2025-08-03,speaker,echo dot,33,0
2025-08-10,speaker,echo dot,22,0
2025-08-17,speaker,echo dot,44,0
2025-08-24,speaker,echo dot,0,0
2025-08-31,speaker,echo dot,0,0
2025-09-07,speaker,echo dot,0,0
2025-09-14,speaker,echo dot,0,0
2025-09-21,speaker,echo dot,0,0
2025-09-28,speaker,echo dot,17,0
2025-10-05,speaker,echo dot,0,0
2025-10-12,speaker,echo dot,0,0
2025-10-19,speaker,echo dot,0,0
2025-10-26,speaker,echo dot,0,0
2025-11-02,speaker,echo dot,0,0
2025-11-09,speaker,echo dot,0,0
2025-11-16,speaker,echo dot,0,0
2025-11-23,speaker,echo dot,25,0
2025-11-30,speaker,echo dot,29,0
2025-12-07,speaker,echo dot,16,0
2025-12-14,speaker,echo dot,17,0
2025-12-21,speaker,echo dot,25,0
2025-12-28,speaker,echo dot,15,0
2026-01-04,speaker,echo dot,0,0
2026-01-11,speaker,echo dot,0,0
2026-01-18,speaker,echo dot,22,0
2026-01-25,speaker,echo dot,0,0
2026-02-01,speaker,echo dot,0,0
2026-02-08,speaker,echo dot,26,0
2026-02-15,speaker,echo dot,19,0
2026-02-22,speaker,echo dot,17,0
2026-03-01,speaker,echo dot,16,0
2026-03-08,speaker,echo dot,0,0
2026-03-15,speaker,echo dot,21,0
2026-03-22,speaker,echo dot,24,0
2026-03-29,speaker,echo dot,67,0
2026-04-05,speaker,echo dot,85,0
2026-04-12,speaker,echo dot,96,0
2026-04-19,speaker,echo dot,68,0
2026-04-26,speaker,echo dot,52,0
2026-05-03,speaker,echo dot,34,0
2026-05-10,speaker,echo dot,56,0
2026-05-17,speaker,echo dot,73,1
2025-05-18,speaker,google nest mini,0,0
2025-05-25,speaker,google nest mini,0,0
2025-06-01,speaker,google nest mini,0,0
2025-06-08,speaker,google nest mini,0,0
2025-06-15,speaker,google nest mini,0,0
2025-06-22,speaker,google nest mini,0,0
2025-06-29,speaker,google nest mini,0,0
2025-07-06,speaker,google nest mini,0,0
2025-07-13,speaker,google nest mini,0,0
2025-07-20,speaker,google nest mini,0,0
2025-07-27,speaker,google nest mini,0,0
2025-08-03,speaker,google nest mini,0,0
2025-08-10,speaker,google nest mini,0,0
2025-08-17,speaker,google nest mini,0,0
2025-08-24,speaker,google nest mini,0,0
2025-08-31,speaker,google nest mini,0,0
2025-09-07,speaker,google nest mini,0,0
2025-09-14,speaker,google nest mini,0,0
2025-09-21,speaker,google nest mini,0,0
2025-09-28,speaker,google nest mini,0,0
2025-10-05,speaker,google nest mini,0,0
2025-10-12,speaker,google nest mini,0,0
2025-10-19,speaker,google nest mini,0,0
2025-10-26,speaker,google nest mini,0,0
2025-11-02,speaker,google nest mini,0,0
2025-11-09,speaker,google nest mini,0,0
2025-11-16,speaker,google nest mini,0,0
2025-11-23,speaker,google nest mini,0,0
2025-11-30,speaker,google nest mini,0,0
2025-12-07,speaker,google nest mini,0,0
2025-12-14,speaker,google nest mini,0,0
2025-12-21,speaker,google nest mini,0,0
2025-12-28,speaker,google nest mini,0,0
2026-01-04,speaker,google nest mini,0,0
2026-01-11,speaker,google nest mini,0,0
2026-01-18,speaker,google nest mini,0,0
2026-01-25,speaker,google nest mini,0,0
2026-02-01,speaker,google nest mini,0,0
2026-02-08,speaker,google nest mini,19,0
2026-02-15,speaker,google nest mini,0,0
2026-02-22,speaker,google nest mini,0,0
2026-03-01,speaker,google nest mini,0,0
2026-03-08,speaker,google nest mini,0,0
2026-03-15,speaker,google nest mini,0,0
2026-03-22,speaker,google nest mini,0,0
2026-03-29,speaker,google nest mini,25,0
2026-04-05,speaker,google nest mini,31,0
2026-04-12,speaker,google nest mini,23,0
2026-04-19,speaker,google nest mini,19,0
2026-04-26,speaker,google nest mini,17,0
2026-05-03,speaker,google nest mini,3,0
2026-05-10,speaker,google nest mini,19,0
2026-05-17,speaker,google nest mini,37,1
2025-05-18,speaker,homepod mini,0,0
2025-05-25,speaker,homepod mini,0,0
2025-06-01,speaker,homepod mini,0,0
2025-06-08,speaker,homepod mini,0,0
2025-06-15,speaker,homepod mini,0,0
2025-06-22,speaker,homepod mini,0,0
2025-06-29,speaker,homepod mini,0,0
2025-07-06,speaker,homepod mini,0,0
2025-07-13,speaker,homepod mini,0,0
2025-07-20,speaker,homepod mini,0,0
2025-07-27,speaker,homepod mini,0,0
2025-08-03,speaker,homepod mini,0,0
2025-08-10,speaker,homepod mini,0,0
2025-08-17,speaker,homepod mini,0,0
2025-08-24,speaker,homepod mini,0,0
2025-08-31,speaker,homepod mini,0,0
2025-09-07,speaker,homepod mini,0,0
2025-09-14,speaker,homepod mini,0,0
2025-09-21,speaker,homepod mini,0,0
2025-09-28,speaker,homepod mini,0,0
2025-10-05,speaker,homepod mini,0,0
2025-10-12,speaker,homepod mini,0,0
2025-10-19,speaker,homepod mini,0,0
2025-10-26,speaker,homepod mini,0,0
2025-11-02,speaker,homepod mini,0,0
2025-11-09,speaker,homepod mini,0,0
2025-11-16,speaker,homepod mini,0,0
2025-11-23,speaker,homepod mini,0,0
2025-11-30,speaker,homepod mini,0,0
2025-12-07,speaker,homepod mini,0,0
2025-12-14,speaker,homepod mini,0,0
2025-12-21,speaker,homepod mini,0,0
2025-12-28,speaker,homepod mini,0,0
2026-01-04,speaker,homepod mini,0,0
2026-01-11,speaker,homepod mini,0,0
2026-01-18,speaker,homepod mini,0,0
2026-01-25,speaker,homepod mini,0,0
2026-02-01,speaker,homepod mini,0,0
2026-02-08,speaker,homepod mini,0,0
2026-02-15,speaker,homepod mini,0,0
2026-02-22,speaker,homepod mini,0,0
2026-03-01,speaker,homepod mini,0,0
2026-03-08,speaker,homepod mini,0,0
2026-03-15,speaker,homepod mini,0,0
2026-03-22,speaker,homepod mini,0,0
2026-03-29,speaker,homepod mini,20,0
2026-04-05,speaker,homepod mini,39,0
2026-04-12,speaker,homepod mini,37,0
2026-04-19,speaker,homepod mini,31,0
2026-04-26,speaker,homepod mini,20,0
2026-05-03,speaker,homepod mini,5,0
2026-05-10,speaker,homepod mini,24,0
2026-05-17,speaker,homepod mini,31,1
2025-05-18,speaker,sonos era,0,0
2025-05-25,speaker,sonos era,0,0
2025-06-01,speaker,sonos era,0,0
2025-06-08,speaker,sonos era,0,0
2025-06-15,speaker,sonos era,0,0
2025-06-22,speaker,sonos era,0,0
2025-06-29,speaker,sonos era,0,0
2025-07-06,speaker,sonos era,0,0
2025-07-13,speaker,sonos era,0,0
2025-07-20,speaker,sonos era,31,0
2025-07-27,speaker,sonos era,0,0
2025-08-03,speaker,sonos era,15,0
2025-08-10,speaker,sonos era,0,0
2025-08-17,speaker,sonos era,0,0
2025-08-24,speaker,sonos era,0,0
2025-08-31,speaker,sonos era,0,0
2025-09-07,speaker,sonos era,0,0
2025-09-14,speaker,sonos era,0,0
2025-09-21,speaker,sonos era,0,0
2025-09-28,speaker,sonos era,0,0
2025-10-05,speaker,sonos era,0,0
2025-10-12,speaker,sonos era,0,0
2025-10-19,speaker,sonos era,0,0
2025-10-26,speaker,sonos era,0,0
2025-11-02,speaker,sonos era,0,0
2025-11-09,speaker,sonos era,0,0
2025-11-16,speaker,sonos era,0,0
2025-11-23,speaker,sonos era,0,0
2025-11-30,speaker,sonos era,0,0
2025-12-07,speaker,sonos era,0,0
2025-12-14,speaker,sonos era,0,0
2025-12-21,speaker,sonos era,0,0
2025-12-28,speaker,sonos era,0,0
2026-01-04,speaker,sonos era,0,0
2026-01-11,speaker,sonos era,0,0
2026-01-18,speaker,sonos era,0,0
2026-01-25,speaker,sonos era,0,0
2026-02-01,speaker,sonos era,0,0
2026-02-08,speaker,sonos era,0,0
2026-02-15,speaker,sonos era,0,0
2026-02-22,speaker,sonos era,0,0
2026-03-01,speaker,sonos era,0,0
2026-03-08,speaker,sonos era,0,0
2026-03-15,speaker,sonos era,0,0
2026-03-22,speaker,sonos era,0,0
2026-03-29,speaker,sonos era,41,0
2026-04-05,speaker,sonos era,62,0
2026-04-12,speaker,sonos era,78,0
2026-04-19,speaker,sonos era,57,0
2026-04-26,speaker,sonos era,43,0
2026-05-03,speaker,sonos era,28,0
2026-05-10,speaker,sonos era,57,0
2026-05-17,speaker,sonos era,92,1
2025-05-18,vacuum,bissell,1,0
2025-05-25,vacuum,bissell,2,0
2025-06-01,vacuum,bissell,1,0
2025-06-08,vacuum,bissell,1,0
2025-06-15,vacuum,bissell,1,0
2025-06-22,vacuum,bissell,1,0
2025-06-29,vacuum,bissell,1,0
2025-07-06,vacuum,bissell,2,0
2025-07-13,vacuum,bissell,2,0
2025-07-20,vacuum,bissell,1,0
2025-07-27,vacuum,bissell,1,0
2025-08-03,vacuum,bissell,3,0
2025-08-10,vacuum,bissell,2,0
2025-08-17,vacuum,bissell,2,0
2025-08-24,vacuum,bissell,2,0
2025-08-31,vacuum,bissell,2,0
2025-09-07,vacuum,bissell,2,0
2025-09-14,vacuum,bissell,2,0
2025-09-21,vacuum,bissell,1,0
2025-09-28,vacuum,bissell,1,0
2025-10-05,vacuum,bissell,1,0
2025-10-12,vacuum,bissell,1,0
2025-10-19,vacuum,bissell,1,0
2025-10-26,vacuum,bissell,1,0
2025-11-02,vacuum,bissell,2,0
2025-11-09,vacuum,bissell,1,0
2025-11-16,vacuum,bissell,1,0
2025-11-23,vacuum,bissell,2,0
2025-11-30,vacuum,bissell,1,0
2025-12-07,vacuum,bissell,1,0
2025-12-14,vacuum,bissell,1,0
2025-12-21,vacuum,bissell,1,0
2025-12-28,vacuum,bissell,2,0
2026-01-04,vacuum,bissell,1,0
2026-01-11,vacuum,bissell,1,0
2026-01-18,vacuum,bissell,1,0
2026-01-25,vacuum,bissell,1,0
2026-02-01,vacuum,bissell,2,0
2026-02-08,vacuum,bissell,2,0
2026-02-15,vacuum,bissell,2,0
2026-02-22,vacuum,bissell,2,0
2026-03-01,vacuum,bissell,2,0
2026-03-08,vacuum,bissell,2,0
2026-03-15,vacuum,bissell,8,0
2026-03-22,vacuum,bissell,34,0
2026-03-29,vacuum,bissell,61,0
2026-04-05,vacuum,bissell,72,0
2026-04-12,vacuum,bissell,80,0
2026-04-19,vacuum,bissell,74,0
2026-04-26,vacuum,bissell,69,0
2026-05-03,vacuum,bissell,81,0
2026-05-10,vacuum,bissell,94,0
2026-05-17,vacuum,bissell,69,1
2025-05-18,vacuum,dyson,3,0
2025-05-25,vacuum,dyson,3,0
2025-06-01,vacuum,dyson,2,0
2025-06-08,vacuum,dyson,2,0
2025-06-15,vacuum,dyson,2,0
2025-06-22,vacuum,dyson,2,0
2025-06-29,vacuum,dyson,3,0
2025-07-06,vacuum,dyson,3,0
2025-07-13,vacuum,dyson,3,0
2025-07-20,vacuum,dyson,2,0
2025-07-27,vacuum,dyson,4,0
2025-08-03,vacuum,dyson,7,0
2025-08-10,vacuum,dyson,8,0
2025-08-17,vacuum,dyson,3,0
2025-08-24,vacuum,dyson,3,0
2025-08-31,vacuum,dyson,2,0
2025-09-07,vacuum,dyson,2,0
2025-09-14,vacuum,dyson,2,0
2025-09-21,vacuum,dyson,2,0
2025-09-28,vacuum,dyson,2,0
2025-10-05,vacuum,dyson,2,0
2025-10-12,vacuum,dyson,2,0
2025-10-19,vacuum,dyson,2,0
2025-10-26,vacuum,dyson,3,0
2025-11-02,vacuum,dyson,3,0
2025-11-09,vacuum,dyson,3,0
2025-11-16,vacuum,dyson,4,0
2025-11-23,vacuum,dyson,6,0
2025-11-30,vacuum,dyson,5,0
2025-12-07,vacuum,dyson,4,0
2025-12-14,vacuum,dyson,4,0
2025-12-21,vacuum,dyson,4,0
2025-12-28,vacuum,dyson,4,0
2026-01-04,vacuum,dyson,3,0
2026-01-11,vacuum,dyson,4,0
2026-01-18,vacuum,dyson,3,0
2026-01-25,vacuum,dyson,3,0
2026-02-01,vacuum,dyson,3,0
2026-02-08,vacuum,dyson,3,0
2026-02-15,vacuum,dyson,3,0
2026-02-22,vacuum,dyson,3,0
2026-03-01,vacuum,dyson,3,0
2026-03-08,vacuum,dyson,2,0
2026-03-15,vacuum,dyson,10,0
2026-03-22,vacuum,dyson,36,0
2026-03-29,vacuum,dyson,69,0
2026-04-05,vacuum,dyson,82,0
2026-04-12,vacuum,dyson,91,0
2026-04-19,vacuum,dyson,80,0
2026-04-26,vacuum,dyson,75,0
2026-05-03,vacuum,dyson,82,0
2026-05-10,vacuum,dyson,100,0
2026-05-17,vacuum,dyson,77,1
2025-05-18,vacuum,eureka,0,0
2025-05-25,vacuum,eureka,0,0
2025-06-01,vacuum,eureka,1,0
2025-06-08,vacuum,eureka,0,0
2025-06-15,vacuum,eureka,1,0
2025-06-22,vacuum,eureka,0,0
2025-06-29,vacuum,eureka,0,0
2025-07-06,vacuum,eureka,1,0
2025-07-13,vacuum,eureka,0,0
2025-07-20,vacuum,eureka,1,0
2025-07-27,vacuum,eureka,0,0
2025-08-03,vacuum,eureka,1,0
2025-08-10,vacuum,eureka,1,0
2025-08-17,vacuum,eureka,1,0
2025-08-24,vacuum,eureka,0,0
2025-08-31,vacuum,eureka,1,0
2025-09-07,vacuum,eureka,1,0
2025-09-14,vacuum,eureka,1,0
2025-09-21,vacuum,eureka,0,0
2025-09-28,vacuum,eureka,1,0
2025-10-05,vacuum,eureka,0,0
2025-10-12,vacuum,eureka,0,0
2025-10-19,vacuum,eureka,0,0
2025-10-26,vacuum,eureka,1,0
2025-11-02,vacuum,eureka,1,0
2025-11-09,vacuum,eureka,1,0
2025-11-16,vacuum,eureka,0,0
2025-11-23,vacuum,eureka,1,0
2025-11-30,vacuum,eureka,0,0
2025-12-07,vacuum,eureka,1,0
2025-12-14,vacuum,eureka,1,0
2025-12-21,vacuum,eureka,0,0
2025-12-28,vacuum,eureka,1,0
2026-01-04,vacuum,eureka,1,0
2026-01-11,vacuum,eureka,1,0
2026-01-18,vacuum,eureka,0,0
2026-01-25,vacuum,eureka,1,0
2026-02-01,vacuum,eureka,0,0
2026-02-08,vacuum,eureka,1,0
2026-02-15,vacuum,eureka,0,0
2026-02-22,vacuum,eureka,1,0
2026-03-01,vacuum,eureka,0,0
2026-03-08,vacuum,eureka,0,0
2026-03-15,vacuum,eureka,1,0
2026-03-22,vacuum,eureka,1,0
2026-03-29,vacuum,eureka,2,0
2026-04-05,vacuum,eureka,2,0
2026-04-12,vacuum,eureka,2,0
2026-04-19,vacuum,eureka,2,0
2026-04-26,vacuum,eureka,1,0
2026-05-03,vacuum,eureka,1,0
2026-05-10,vacuum,eureka,1,0
2026-05-17,vacuum,eureka,2,1
2025-05-18,vacuum,hoover,1,0
2025-05-25,vacuum,hoover,1,0
2025-06-01,vacuum,hoover,1,0
2025-06-08,vacuum,hoover,1,0
2025-06-15,vacuum,hoover,1,0
2025-06-22,vacuum,hoover,1,0
2025-06-29,vacuum,hoover,1,0
2025-07-06,vacuum,hoover,1,0
2025-07-13,vacuum,hoover,1,0
2025-07-20,vacuum,hoover,1,0
2025-07-27,vacuum,hoover,1,0
2025-08-03,vacuum,hoover,1,0
2025-08-10,vacuum,hoover,1,0
2025-08-17,vacuum,hoover,1,0
2025-08-24,vacuum,hoover,1,0
2025-08-31,vacuum,hoover,1,0
2025-09-07,vacuum,hoover,1,0
2025-09-14,vacuum,hoover,1,0
2025-09-21,vacuum,hoover,1,0
2025-09-28,vacuum,hoover,1,0
2025-10-05,vacuum,hoover,0,0
2025-10-12,vacuum,hoover,1,0
2025-10-19,vacuum,hoover,1,0
2025-10-26,vacuum,hoover,1,0
2025-11-02,vacuum,hoover,1,0
2025-11-09,vacuum,hoover,1,0
2025-11-16,vacuum,hoover,1,0
2025-11-23,vacuum,hoover,1,0
2025-11-30,vacuum,hoover,1,0
2025-12-07,vacuum,hoover,1,0
2025-12-14,vacuum,hoover,1,0
2025-12-21,vacuum,hoover,1,0
2025-12-28,vacuum,hoover,1,0
2026-01-04,vacuum,hoover,1,0
2026-01-11,vacuum,hoover,1,0
2026-01-18,vacuum,hoover,1,0
2026-01-25,vacuum,hoover,1,0
2026-02-01,vacuum,hoover,1,0
2026-02-08,vacuum,hoover,1,0
2026-02-15,vacuum,hoover,1,0
2026-02-22,vacuum,hoover,1,0
2026-03-01,vacuum,hoover,1,0
2026-03-08,vacuum,hoover,1,0
2026-03-15,vacuum,hoover,1,0
2026-03-22,vacuum,hoover,1,0
2026-03-29,vacuum,hoover,2,0
2026-04-05,vacuum,hoover,3,0
2026-04-12,vacuum,hoover,3,0
2026-04-19,vacuum,hoover,2,0
2026-04-26,vacuum,hoover,2,0
2026-05-03,vacuum,hoover,1,0
2026-05-10,vacuum,hoover,2,0
2026-05-17,vacuum,hoover,2,1
2025-05-18,vacuum,shark navigator,0,0
2025-05-25,vacuum,shark navigator,0,0
2025-06-01,vacuum,shark navigator,0,0
2025-06-08,vacuum,shark navigator,0,0
2025-06-15,vacuum,shark navigator,0,0
2025-06-22,vacuum,shark navigator,0,0
2025-06-29,vacuum,shark navigator,0,0
2025-07-06,vacuum,shark navigator,0,0
2025-07-13,vacuum,shark navigator,0,0
2025-07-20,vacuum,shark navigator,0,0
2025-07-27,vacuum,shark navigator,0,0
2025-08-03,vacuum,shark navigator,0,0
2025-08-10,vacuum,shark navigator,0,0
2025-08-17,vacuum,shark navigator,0,0
2025-08-24,vacuum,shark navigator,0,0
2025-08-31,vacuum,shark navigator,0,0
2025-09-07,vacuum,shark navigator,0,0
2025-09-14,vacuum,shark navigator,0,0
2025-09-21,vacuum,shark navigator,0,0
2025-09-28,vacuum,shark navigator,0,0
2025-10-05,vacuum,shark navigator,0,0
2025-10-12,vacuum,shark navigator,0,0
2025-10-19,vacuum,shark navigator,0,0
2025-10-26,vacuum,shark navigator,0,0
2025-11-02,vacuum,shark navigator,0,0
2025-11-09,vacuum,shark navigator,0,0
2025-11-16,vacuum,shark navigator,0,0
2025-11-23,vacuum,shark navigator,0,0
2025-11-30,vacuum,shark navigator,0,0
2025-12-07,vacuum,shark navigator,0,0
2025-12-14,vacuum,shark navigator,0,0
2025-12-21,vacuum,shark navigator,0,0
2025-12-28,vacuum,shark navigator,0,0
2026-01-04,vacuum,shark navigator,0,0
2026-01-11,vacuum,shark navigator,0,0
2026-01-18,vacuum,shark navigator,0,0
2026-01-25,vacuum,shark navigator,0,0
2026-02-01,vacuum,shark navigator,0,0
2026-02-08,vacuum,shark navigator,0,0
2026-02-15,vacuum,shark navigator,0,0
2026-02-22,vacuum,shark navigator,0,0
2026-03-01,vacuum,shark navigator,0,0
2026-03-08,vacuum,shark navigator,0,0
2026-03-15,vacuum,shark navigator,0,0
2026-03-22,vacuum,shark navigator,1,0
2026-03-29,vacuum,shark navigator,1,0
2026-04-05,vacuum,shark navigator,2,0
2026-04-12,vacuum,shark navigator,2,0
2026-04-19,vacuum,shark navigator,1,0
2026-04-26,vacuum,shark navigator,2,0
2026-05-03,vacuum,shark navigator,1,0
2026-05-10,vacuum,shark navigator,1,0
2026-05-17,vacuum,shark navigator,1,1
